HEAD_POS_X_MEAN,HEAD_POS_Y_MEAN,HEAD_POS_Z_MEAN,CENTER_SHOULDER_POS_X_MEAN,CENTER_SHOULDER_POS_Y_MEAN,CENTER_SHOULDER_POS_Z_MEAN,LEFT_SHOULDER_POS_X_MEAN,LEFT_SHOULDER_POS_Y_MEAN,LEFT_SHOULDER_POS_Z_MEAN,RIGHT_SHOULDER_POS_X_MEAN,RIGHT_SHOULDER_POS_Y_MEAN,RIGHT_SHOULDER_POS_Z_MEAN,LEFT_ELBOW_POS_X_MEAN,LEFT_ELBOW_POS_Y_MEAN,LEFT_ELBOW_POS_Z_MEAN,RIGHT_ELBOW_POS_X_MEAN,RIGHT_ELBOW_POS_Y_MEAN,RIGHT_ELBOW_POS_Z_MEAN,LEFT_WRIST_POS_X_MEAN,LEFT_WRIST_POS_Y_MEAN,LEFT_WRIST_POS_Z_MEAN,RIGHT_WRIST_POS_X_MEAN,RIGHT_WRIST_POS_Y_MEAN,RIGHT_WRIST_POS_Z_MEAN,LEFT_HAND_POS_X_MEAN,LEFT_HAND_POS_Y_MEAN,LEFT_HAND_POS_Z_MEAN,RIGHT_HAND_POS_X_MEAN,RIGHT_HAND_POS_Y_MEAN,RIGHT_HAND_POS_Z_MEAN,SPINE_POS_X_MEAN,SPINE_POS_Y_MEAN,SPINE_POS_Z_MEAN,CENTER_HIP_POS_X_MEAN,CENTER_HIP_POS_Y_MEAN,CENTER_HIP_POS_Z_MEAN,LEFT_HIP_POS_X_MEAN,LEFT_HIP_POS_Y_MEAN,LEFT_HIP_POS_Z_MEAN,RIGHT_HIP_POS_X_MEAN,RIGHT_HIP_POS_Y_MEAN,RIGHT_HIP_POS_Z_MEAN,LEFT_KNEE_POS_X_MEAN,LEFT_KNEE_POS_Y_MEAN,LEFT_KNEE_POS_Z_MEAN,RIGHT_KNEE_POS_X_MEAN,RIGHT_KNEE_POS_Y_MEAN,RIGHT_KNEE_POS_Z_MEAN,LEFT_ANKLE_POS_X_MEAN,LEFT_ANKLE_POS_Y_MEAN,LEFT_ANKLE_POS_Z_MEAN,RIGHT_ANKLE_POS_X_MEAN,RIGHT_ANKLE_POS_Y_MEAN,RIGHT_ANKLE_POS_Z_MEAN,LEFT_FOOT_POS_X_MEAN,LEFT_FOOT_POS_Y_MEAN,LEFT_FOOT_POS_Z_MEAN,RIGHT_FOOT_POS_X_MEAN,RIGHT_FOOT_POS_Y_MEAN,RIGHT_FOOT_POS_Z_MEAN,HEAD_POS_X_STD,HEAD_POS_Y_STD,HEAD_POS_Z_STD,CENTER_SHOULDER_POS_X_STD,CENTER_SHOULDER_POS_Y_STD,CENTER_SHOULDER_POS_Z_STD,LEFT_SHOULDER_POS_X_STD,LEFT_SHOULDER_POS_Y_STD,LEFT_SHOULDER_POS_Z_STD,RIGHT_SHOULDER_POS_X_STD,RIGHT_SHOULDER_POS_Y_STD,RIGHT_SHOULDER_POS_Z_STD,LEFT_ELBOW_POS_X_STD,LEFT_ELBOW_POS_Y_STD,LEFT_ELBOW_POS_Z_STD,RIGHT_ELBOW_POS_X_STD,RIGHT_ELBOW_POS_Y_STD,RIGHT_ELBOW_POS_Z_STD,LEFT_WRIST_POS_X_STD,LEFT_WRIST_POS_Y_STD,LEFT_WRIST_POS_Z_STD,RIGHT_WRIST_POS_X_STD,RIGHT_WRIST_POS_Y_STD,RIGHT_WRIST_POS_Z_STD,LEFT_HAND_POS_X_STD,LEFT_HAND_POS_Y_STD,LEFT_HAND_POS_Z_STD,RIGHT_HAND_POS_X_STD,RIGHT_HAND_POS_Y_STD,RIGHT_HAND_POS_Z_STD,SPINE_POS_X_STD,SPINE_POS_Y_STD,SPINE_POS_Z_STD,CENTER_HIP_POS_X_STD,CENTER_HIP_POS_Y_STD,CENTER_HIP_POS_Z_STD,LEFT_HIP_POS_X_STD,LEFT_HIP_POS_Y_STD,LEFT_HIP_POS_Z_STD,RIGHT_HIP_POS_X_STD,RIGHT_HIP_POS_Y_STD,RIGHT_HIP_POS_Z_STD,LEFT_KNEE_POS_X_STD,LEFT_KNEE_POS_Y_STD,LEFT_KNEE_POS_Z_STD,RIGHT_KNEE_POS_X_STD,RIGHT_KNEE_POS_Y_STD,RIGHT_KNEE_POS_Z_STD,LEFT_ANKLE_POS_X_STD,LEFT_ANKLE_POS_Y_STD,LEFT_ANKLE_POS_Z_STD,RIGHT_ANKLE_POS_X_STD,RIGHT_ANKLE_POS_Y_STD,RIGHT_ANKLE_POS_Z_STD,LEFT_FOOT_POS_X_STD,LEFT_FOOT_POS_Y_STD,LEFT_FOOT_POS_Z_STD,RIGHT_FOOT_POS_X_STD,RIGHT_FOOT_POS_Y_STD,RIGHT_FOOT_POS_Z_STD,HEAD_ANGLE_1_MEAN,HEAD_ANGLE_2_MEAN,HEAD_ANGLE_3_MEAN,CENTER_SHOULDER_ANGLE_1_MEAN,CENTER_SHOULDER_ANGLE_2_MEAN,CENTER_SHOULDER_ANGLE_3_MEAN,LEFT_SHOULDER_ANGLE_1_MEAN,LEFT_SHOULDER_ANGLE_2_MEAN,LEFT_SHOULDER_ANGLE_3_MEAN,RIGHT_SHOULDER_ANGLE_1_MEAN,RIGHT_SHOULDER_ANGLE_2_MEAN,RIGHT_SHOULDER_ANGLE_3_MEAN,LEFT_ELBOW_ANGLE_1_MEAN,LEFT_ELBOW_ANGLE_2_MEAN,LEFT_ELBOW_ANGLE_3_MEAN,RIGHT_ELBOW_ANGLE_1_MEAN,RIGHT_ELBOW_ANGLE_2_MEAN,RIGHT_ELBOW_ANGLE_3_MEAN,LEFT_WRIST_ANGLE_1_MEAN,LEFT_WRIST_ANGLE_2_MEAN,LEFT_WRIST_ANGLE_3_MEAN,RIGHT_WRIST_ANGLE_1_MEAN,RIGHT_WRIST_ANGLE_2_MEAN,RIGHT_WRIST_ANGLE_3_MEAN,LEFT_HAND_ANGLE_1_MEAN,LEFT_HAND_ANGLE_2_MEAN,LEFT_HAND_ANGLE_3_MEAN,RIGHT_HAND_ANGLE_1_MEAN,RIGHT_HAND_ANGLE_2_MEAN,RIGHT_HAND_ANGLE_3_MEAN,SPINE_ANGLE_1_MEAN,SPINE_ANGLE_2_MEAN,SPINE_ANGLE_3_MEAN,CENTER_HIP_ANGLE_1_MEAN,CENTER_HIP_ANGLE_2_MEAN,CENTER_HIP_ANGLE_3_MEAN,LEFT_HIP_ANGLE_1_MEAN,LEFT_HIP_ANGLE_2_MEAN,LEFT_HIP_ANGLE_3_MEAN,RIGHT_HIP_ANGLE_1_MEAN,RIGHT_HIP_ANGLE_2_MEAN,RIGHT_HIP_ANGLE_3_MEAN,LEFT_KNEE_ANGLE_1_MEAN,LEFT_KNEE_ANGLE_2_MEAN,LEFT_KNEE_ANGLE_3_MEAN,RIGHT_KNEE_ANGLE_1_MEAN,RIGHT_KNEE_ANGLE_2_MEAN,RIGHT_KNEE_ANGLE_3_MEAN,LEFT_ANKLE_ANGLE_1_MEAN,LEFT_ANKLE_ANGLE_2_MEAN,LEFT_ANKLE_ANGLE_3_MEAN,RIGHT_ANKLE_ANGLE_1_MEAN,RIGHT_ANKLE_ANGLE_2_MEAN,RIGHT_ANKLE_ANGLE_3_MEAN,LEFT_FOOT_ANGLE_1_MEAN,LEFT_FOOT_ANGLE_2_MEAN,LEFT_FOOT_ANGLE_3_MEAN,RIGHT_FOOT_ANGLE_1_MEAN,RIGHT_FOOT_ANGLE_2_MEAN,RIGHT_FOOT_ANGLE_3_MEAN,HEAD_ANGLE_1_STD,HEAD_ANGLE_2_STD,HEAD_ANGLE_3_STD,CENTER_SHOULDER_ANGLE_1_STD,CENTER_SHOULDER_ANGLE_2_STD,CENTER_SHOULDER_ANGLE_3_STD,LEFT_SHOULDER_ANGLE_1_STD,LEFT_SHOULDER_ANGLE_2_STD,LEFT_SHOULDER_ANGLE_3_STD,RIGHT_SHOULDER_ANGLE_1_STD,RIGHT_SHOULDER_ANGLE_2_STD,RIGHT_SHOULDER_ANGLE_3_STD,LEFT_ELBOW_ANGLE_1_STD,LEFT_ELBOW_ANGLE_2_STD,LEFT_ELBOW_ANGLE_3_STD,RIGHT_ELBOW_ANGLE_1_STD,RIGHT_ELBOW_ANGLE_2_STD,RIGHT_ELBOW_ANGLE_3_STD,LEFT_WRIST_ANGLE_1_STD,LEFT_WRIST_ANGLE_2_STD,LEFT_WRIST_ANGLE_3_STD,RIGHT_WRIST_ANGLE_1_STD,RIGHT_WRIST_ANGLE_2_STD,RIGHT_WRIST_ANGLE_3_STD,LEFT_HAND_ANGLE_1_STD,LEFT_HAND_ANGLE_2_STD,LEFT_HAND_ANGLE_3_STD,RIGHT_HAND_ANGLE_1_STD,RIGHT_HAND_ANGLE_2_STD,RIGHT_HAND_ANGLE_3_STD,SPINE_ANGLE_1_STD,SPINE_ANGLE_2_STD,SPINE_ANGLE_3_STD,CENTER_HIP_ANGLE_1_STD,CENTER_HIP_ANGLE_2_STD,CENTER_HIP_ANGLE_3_STD,LEFT_HIP_ANGLE_1_STD,LEFT_HIP_ANGLE_2_STD,LEFT_HIP_ANGLE_3_STD,RIGHT_HIP_ANGLE_1_STD,RIGHT_HIP_ANGLE_2_STD,RIGHT_HIP_ANGLE_3_STD,LEFT_KNEE_ANGLE_1_STD,LEFT_KNEE_ANGLE_2_STD,LEFT_KNEE_ANGLE_3_STD,RIGHT_KNEE_ANGLE_1_STD,RIGHT_KNEE_ANGLE_2_STD,RIGHT_KNEE_ANGLE_3_STD,LEFT_ANKLE_ANGLE_1_STD,LEFT_ANKLE_ANGLE_2_STD,LEFT_ANKLE_ANGLE_3_STD,RIGHT_ANKLE_ANGLE_1_STD,RIGHT_ANKLE_ANGLE_2_STD,RIGHT_ANKLE_ANGLE_3_STD,LEFT_FOOT_ANGLE_1_STD,LEFT_FOOT_ANGLE_2_STD,LEFT_FOOT_ANGLE_3_STD,RIGHT_FOOT_ANGLE_1_STD,RIGHT_FOOT_ANGLE_2_STD,RIGHT_FOOT_ANGLE_3_STD,PREDICTION,PREDICTION LABEL,ACTUAL,ACTUAL LABEL
1.1983097666933171,0.5164839560000001,-4.619503506217559,1.2162369677542235,0.347293028,-4.700543891470431,1.3758411993890407,0.224384799,-4.653183647991181,1.0575581025513614,0.251632336,-4.772097594644221,1.3761895051400863,0.01448102,-4.5886392043954425,0.9997288605926928,0.016300539,-4.717671862992199,1.1749101941423734,0.019737325,-4.468662833149344,1.090206802791285,0.005180342,-4.52719442374839,1.1050425021986885,0.0366543089999999,-4.397902589793118,1.1362891198369145,0.012585211,-4.43472325073962,1.201091181698199,0.0,-4.741751154107548,1.198863161558317,-0.069503636,-4.753480386835188,1.2635514214826478,-0.148490464,-4.738552722471965,1.1270757782486305,-0.14124803,-4.782744324345818,1.318038280286014,-0.635263036,-4.869085768366949,1.1036198360892464,-0.647496925,-4.928695691543384,1.37896463375862,-1.024677909,-4.892190283702368,1.0369940478732242,-1.036072847,-4.949143749100298,1.3899434308605494,-1.087633366,-4.848372179417756,0.9915098259015316,-1.108743366,-4.926589551399653,0.00359489,0.004714143,0.006660773,0.003010329,0.012112894,0.01584848,0.001361848,0.002551769,0.004756703,0.001833257,0.002892133,0.00285331,0.00294205,0.002572034,0.005436822,0.002093361,0.00232438,0.00588227,0.025087269,0.092699382,0.03200738,0.025497861,0.074601114,0.024320774,0.025702325,0.12973814,0.040337364,0.024834576,0.092794684,0.055841331,0.001228389,0.001511246,0.005480401,0.000977508,0.001631357,0.004069734,0.00127919,0.002221348,0.003947254,0.001975234,0.001504633,0.002463556,0.000347071,0.00099198,0.001583133,0.002361699,0.001932895,0.001549769,0.000603979,0.00126639,0.000569231,0.000651858,0.001609912,0.001804524,0.0304697,0.008447292,0.03861375,0.00384288,0.003452932,0.007835047,-0.095282096,0.136205759,0.060038865,-0.084232325,0.340862061,-0.058675349,-0.044702787,0.140283448,0.153929019,0.114998538,0.274183202,0.1300083,0.114535103,0.114695154,0.036429057,-0.020148472,0.002487052,0.014769719,-0.008350517,-0.073097903,-0.029013727,0.07030234,0.052035213,-0.03041131,0.023323901,-0.050556335,-0.050779771,0.026743701,-0.042664268,-0.045373131,-0.025766139,0.040688136,0.002463656,-0.030145293,-0.050772815,0.031563387,-0.073971061,0.010181265,0.093795698,-0.015268421,0.020677866,0.11151705,-0.004149846,0.252403294,0.07764748,-0.119874328,-0.366425457,0.16142896,-0.003932333,0.189205961,0.021412167,0.076471478,0.05183768,-0.120020467,0.018959932,-0.01876061,0.077595882,0.009614944,0.03692107,-0.058215634,0.306471551,0.594659477,0.500594269,0.274859585,0.495966329,0.514957677,0.366420937,0.485283966,0.521631957,0.404112344,0.697122602,0.324572872,0.456422964,0.440978012,0.525336497,0.433516255,0.357234137,0.577802955,0.387870271,0.655131963,0.445688499,0.425216592,0.685822043,0.40206678,0.26341742,0.814259819,0.348805828,0.392510378,0.694852983,0.412603569,0.241716021,0.421968303,0.610440224,0.262235306,0.524541617,0.563315914,0.288309864,0.495223672,0.562236379,0.508209365,0.534681607,0.454987757,0.310942055,0.687635235,0.410861288,0.615743297,0.489784762,0.283862089,0.393025627,0.740768621,0.349002388,0.32879334,0.580508744,0.500546645,0.399094509,0.491963875,0.533791149,0.454528966,0.348010753,0.569233912,14,Enjoy,25,Study
0.6116498520137885,0.541459127,-4.74726322792262,0.6135556245115963,0.3598771269999999,-4.790106583149678,0.7937945340607039,0.244931429,-4.762959463072155,0.4507850257901399,0.251752434,-4.891721132841636,0.732022903202916,-0.0250624889999999,-4.816419904970272,0.3380036237509051,0.042274651,-4.789683261368982,0.8448103520733607,-0.229792369,-4.759771640455084,0.4856359639363229,0.097936581,-4.618803458168654,0.8356496022774175,-0.327307268,-4.740056406502082,0.5355192103302332,0.122266193,-4.581969701357982,0.613970164021118,0.0,-4.803788911504308,0.6102230366778023,-0.0701566539999999,-4.77756770892911,0.6884246598066698,-0.153508219,-4.760811297883317,0.5297500759132553,-0.1497080979999999,-4.783572928886635,0.7374090094998738,-0.6149396149999999,-4.878074092915403,0.5148527811548557,-0.619350888,-4.9165064439954325,0.7550873323566365,-0.981861388,-4.951700922936047,0.5255454911574933,-0.996619146,-5.0079851689553685,0.8061590415979684,-1.062556678,-4.939587882775303,0.4682544878939632,-1.065719034,-4.9888591340289095,0.00338804,0.002159934,0.005998106,0.002730553,0.002314058,0.004315921,0.00177065,0.003109149,0.00363711,0.002235598,0.002081461,0.002912416,0.002630218,0.004809995,0.005274814,0.010546716,0.014340114,0.016163701,0.004657718,0.003152407,0.008836956,0.022741826,0.034435087,0.008403262,0.004999406,0.003361483,0.009715171,0.04035915,0.042644209,0.005986659,0.00121822,0.002767387,0.005610441,0.001352207,0.002742405,0.004785166,0.001894957,0.002874882,0.005600244,0.001391783,0.002754225,0.005315135,0.001885602,0.001448044,0.001704868,0.000915804,0.001427827,0.001574948,0.000935834,0.002705319,0.001422482,0.002938297,0.003461396,0.005535624,0.00438939,0.003805146,0.004579016,0.000512033,0.000834262,0.001020396,0.082149127,-0.042671409,0.09316984,0.106425225,0.023855337,-0.048009983,0.124932605,0.245043156,0.098981885,0.081603161,0.194350341,0.056013988,-0.067056056,0.154736298,0.106215199,-0.085246887,-0.031492575,-0.013483371,-0.037687264,-0.024982989,0.066345246,0.004644115,-0.010106159,0.023510758,-0.016683274,-0.006840169,0.042010045,0.005087499,-0.058418599,0.01874966,0.094272548,0.225710586,0.050194218,0.047349641,0.294170726,0.246372115,-0.034224001,0.211278517,0.080765653,-0.023694747,0.185925378,0.23805036,-0.069831867,0.043393926,0.07117137,-0.09038623,0.127036207,0.15204731,-0.021110916,-0.077031925,0.125660631,-0.008478243,0.062227255,0.123563873,-0.031198042,-0.00140781,0.014786663,-0.084196237,0.007285649,0.050643872,0.559821574,0.366006071,0.504490009,0.605155342,0.424093582,0.458203214,0.428553571,0.580116793,0.427594204,0.428490015,0.491585356,0.502950423,0.396780141,0.531956145,0.495209179,0.408869159,0.532012908,0.51174985,0.380626069,0.444769366,0.560815358,0.555788335,0.750840849,0.233286905,0.364354667,0.396996185,0.586718441,0.654319671,0.728504262,0.099229042,0.401467177,0.286815143,0.580228328,0.482898734,0.438211258,0.414570709,0.497629762,0.406642755,0.504922803,0.494985663,0.398387279,0.462606746,0.475399781,0.620897716,0.420748282,0.462458643,0.514917447,0.464752474,0.303637413,0.675066366,0.445102838,0.332139311,0.553699497,0.515162259,0.552880502,0.502067442,0.460202733,0.436014077,0.486452407,0.521311389,29,Yes,23,Sorry
1.4829572429049125,0.540853941,-4.489742371491845,1.4935208239736006,0.358709712,-4.552117346047282,1.605462558797928,0.195963412,-4.390504122304055,1.3279694671839768,0.2558024279999999,-4.602833459428812,1.656654248955443,0.048049868,-4.317618495719071,1.256330393493844,0.052844414,-4.474536963555088,1.6036119337114534,0.153061714,-4.136293156651509,1.3114300874654583,0.14042659,-4.267821563673594,1.6119835408757708,0.178438914,-4.109129760279479,1.3372230138479142,0.181803273,-4.204887375710398,1.477425722100493,0.0,-4.572112387792526,1.4663145426006166,-0.0707436289999999,-4.557410823934945,1.529404065020472,-0.153184445,-4.523182914149556,1.3912846463753614,-0.142967239,-4.588474408340516,1.598479532008779,-0.659431268,-4.643522642065026,1.4061757327621578,-0.660395607,-4.740136997258752,1.6525670200610691,-1.03891577,-4.677436151428335,1.3710091585656778,-1.044851901,-4.798191833454409,1.698293560167639,-1.111740139,-4.642775482733453,1.309464411744738,-1.125811937,-4.788996103570216,0.019938886,0.005524215,0.012532712,0.012375981,0.003743751,0.011402492,0.01419746,0.017365151,0.007104607,0.017770654,0.006733695,0.035372369,0.053435099,0.014722595,0.02166397,0.040263217,0.017610723,0.036509442,0.184310712,0.024069774,0.057531618,0.099424587,0.028786041,0.029329001,0.218238172,0.025833193,0.065544077,0.151585403,0.031938578,0.052730163,0.007917507,0.001870697,0.011207365,0.009501631,0.002168972,0.010180258,0.008068375,0.00226217,0.006403431,0.010665921,0.003866073,0.013802203,0.004448181,0.00974614,0.008164217,0.004007015,0.006156845,0.00822543,0.000904992,0.003724902,0.001763366,0.000816549,0.003150381,0.001721175,0.002476815,0.002453535,0.00428738,0.001439133,0.001099715,0.001586959,0.02644097,-0.043414038,-0.009728398,-0.026820905,0.011714173,-0.00991463,0.0482294,0.012087656,-0.002617699,0.04305478,0.047700367,0.148587813,0.117424956,-0.05861468,-0.039212574,0.023224981,-0.007330423,0.065855534,0.135359102,0.035016901,-0.067109671,0.067776496,-0.009488533,-0.004596115,0.095864035,0.036905452,-0.063963844,0.042840967,0.018493823,0.006924692,0.013041968,-0.014685698,0.097342971,0.031711868,-0.040885353,0.135167822,0.116693031,0.021103991,0.117459287,-0.055426155,-0.03877415,0.117724021,-0.002146054,-0.151459764,0.088042443,0.050628643,-0.198111987,0.135910181,-0.027314877,-0.091849799,0.017611994,0.040096815,-0.139591475,0.029974506,-0.066644633,-0.054680567,0.052301063,-0.027916013,0.001426275,0.009193344,0.638874759,0.546512812,0.372729753,0.615103325,0.401389943,0.472740767,0.599206612,0.669832598,0.297706871,0.411182787,0.342913674,0.570942046,0.521533002,0.383223683,0.523492903,0.579477666,0.327457975,0.517249473,0.700985505,0.302972225,0.43325196,0.668500456,0.422764106,0.422547419,0.782238675,0.301170617,0.364643702,0.685917382,0.374899484,0.432530943,0.492396373,0.404975686,0.529840411,0.54904734,0.437217217,0.477063918,0.640980945,0.432575772,0.416740278,0.470063209,0.397102656,0.536727589,0.396430582,0.734086965,0.355338512,0.321797143,0.706675006,0.390395842,0.333324661,0.791259095,0.346683088,0.308080167,0.745519232,0.395986792,0.450089816,0.453215581,0.532189459,0.5267418,0.452200011,0.50229273,28,Wind,15,Go
1.249381659455047,0.52497983,-4.615924116025525,1.2631670116271674,0.353425582,-4.6853662025047385,1.4211068290507654,0.219952273,-4.630477180053293,1.1076928765399257,0.247406356,-4.760450997021396,1.4201805669939334,0.012206712,-4.5697516404289615,1.052783347058332,0.0153248019999999,-4.705043218396954,1.217525553757599,0.0088891859999999,-4.460246442919199,1.1396078615418523,0.0060634609999999,-4.511569988136977,1.1587329543574998,0.0303303889999999,-4.396252530745349,1.1542605062314677,0.0124677739999999,-4.432110283295602,1.248503577763337,0.0,-4.728015590996465,1.2462573916088282,-0.070230694,-4.739602361702321,1.3123864458074757,-0.150316838,-4.721349998769078,1.1726122037467777,-0.140805699,-4.771746852701125,1.36828161738683,-0.636819371,-4.851787517572806,1.153423302849689,-0.646490907,-4.915000058735103,1.428513878094285,-1.025777914,-4.8725111871587625,1.087807732691557,-1.036920665,-4.93611339001696,1.4181341854560483,-1.084484905,-4.812167451158706,1.0417445508930618,-1.109219535,-4.915591184315924,0.001730422,0.007778002,0.009131589,0.005880941,0.01572413,0.02040164,0.001675798,0.003694676,0.006599151,0.002289503,0.001424563,0.003595853,0.003224027,0.001906911,0.008276899,0.003053874,0.003180177,0.010602805,0.025661919,0.112150595,0.0306767,0.024220914,0.102160199,0.028885191,0.026157063,0.165475966,0.036317932,0.032050876,0.137541308,0.050746075,0.001894558,0.001888462,0.005920488,0.001487031,0.003711802,0.004432724,0.001876705,0.004481719,0.004321144,0.00268664,0.003680726,0.003447569,0.000406336,0.000956856,0.002068079,0.003259985,0.005449108,0.002800227,0.000538998,0.00134649,0.00060756,0.000744755,0.002005782,0.001801331,0.028823047,0.008424513,0.033968022,0.002499346,0.001786302,0.003758901,0.048992793,0.02064937,-0.022001832,0.104864367,0.187445039,-0.232319173,0.122881276,-0.021029408,-0.257569003,0.1042302,-0.00702891,-0.110836712,0.111394229,0.013128606,-0.207272243,0.07506534,-0.043604864,-0.06289026,0.032714272,0.006530714,-0.047946485,-0.007470608,0.095117327,0.020751821,0.012441008,0.006306626,-0.059834223,0.005319789,0.081592238,-0.013020413,0.030904004,-0.013968025,-0.079907653,-0.009664604,0.007327451,-0.053463712,0.00826245,0.052938006,-0.00270919,-0.045955326,0.084626703,-0.08041613,-0.009665886,0.198963517,-0.087472388,-0.019559782,-0.138548084,0.077485134,-0.049546143,0.241002917,0.063574692,0.065387363,0.035524007,-0.150301041,0.060204816,0.055519269,0.002784458,-0.072620996,0.039145464,0.023658918,0.310634675,0.643808829,0.485115289,0.361938418,0.451537718,0.49714784,0.306803024,0.462291469,0.513464665,0.568573394,0.473846697,0.448164987,0.378121978,0.384079626,0.54547303,0.476407554,0.356635237,0.554835099,0.303976561,0.707245218,0.439952458,0.355987297,0.722964198,0.403729028,0.230693792,0.75986043,0.416796315,0.386169903,0.693821553,0.4170523,0.306355863,0.524675123,0.548747195,0.263824439,0.663842533,0.484390435,0.392992417,0.629756566,0.464512474,0.544887509,0.603309319,0.388647523,0.289931515,0.616628535,0.482408859,0.519202961,0.658994324,0.35328331,0.325811234,0.645089067,0.443620993,0.311499215,0.539887218,0.522275771,0.509164505,0.479353081,0.494802705,0.494163307,0.344582598,0.554315874,14,Enjoy,25,Study
0.3500994032075843,0.547310349,-4.910971769254001,0.3531221650631072,0.364812394,-4.956182554401089,0.5328323325665244,0.25141056,-4.952539672316117,0.192594386922337,0.230980613,-4.959304233633325,0.584925714828847,-0.0077371529999999,-4.96937478927066,0.0515704909906526,0.0992989659999999,-4.830657580015392,0.5783142176014425,-0.2172673199999999,-4.928103454828385,0.1563958466615911,0.23984017,-4.686419167688625,0.5766072205958591,-0.2871107149999999,-4.918837378906849,0.1910758485234874,0.283388553,-4.64821250231426,0.3545029434506433,0.0,-4.970043531128596,0.3541943407837894,-0.070395261,-4.940112656642853,0.4335337530644869,-0.146082872,-4.929820146439174,0.2742521919215374,-0.146847551,-4.939657973458994,0.4586187205360575,-0.613256079,-5.038824331714588,0.2585550924777952,-0.616617827,-5.077942580428527,0.4595692484063122,-0.989202532,-5.101914685654551,0.266104963808652,-0.994795955,-5.183191152814712,0.4987402613367266,-1.064725944,-5.082018478748148,0.2046261295848956,-1.06464413,-5.190720488604847,0.00270853,0.000902387,0.003631096,0.002539934,0.002472482,0.007196578,0.001575027,0.000278528,0.002384127,0.011206639,0.020592374,0.006860053,0.000713026,0.000888381,0.0030742,0.013335969,0.008750211,0.03092322,0.000776683,0.002304205,0.002423661,0.052102112,0.045960548,0.076124654,0.001034767,0.002907287,0.002275199,0.063417185,0.052653498,0.085933079,0.001113758,0.003625474,0.004960096,0.001319616,0.004562624,0.00238169,0.00114759,0.002733752,0.001181004,0.002422318,0.003813366,0.00301102,0.000619673,0.001753112,0.000960798,0.00070031,0.000764258,0.000974549,0.000890039,0.00249574,0.001551859,0.000355707,0.001378288,0.001051064,0.002281226,0.002844913,0.006670503,0.002429102,0.002045139,0.003202084,-0.096025448,0.145395834,0.111538031,-0.005519634,0.170434184,0.132375088,-0.343383177,0.045436375,0.18981133,0.005457321,-0.026542139,0.045352499,0.017515205,-0.135260386,0.110049775,0.216912395,-0.026641823,-0.026398789,0.018058848,-0.251351041,0.122452125,0.181747173,-0.159195969,-0.090496543,0.039805757,-0.239473681,0.121709829,0.187954995,-0.161222549,-0.15381447,-0.083027942,0.009078871,0.110983041,-0.139329515,0.031457251,0.139341373,-0.071340647,0.166783895,0.041571992,-0.121032392,-0.00842459,0.06379925,-0.049399616,-0.126122617,0.050203981,-0.056940322,-0.070280136,0.069234367,-0.120613016,-0.165709254,-0.041833774,0.042519832,-0.03722825,-0.056367984,-0.019700502,-0.05636123,0.071528536,-0.001373073,0.002225897,-0.028740017,0.447905699,0.41347033,0.525779112,0.422948463,0.44300383,0.519746893,0.348373428,0.273490657,0.542624156,0.602959085,0.577491486,0.373344318,0.339087021,0.458317199,0.55321197,0.424646745,0.378773137,0.550851812,0.200804298,0.712651631,0.410660487,0.375197092,0.502143459,0.505794469,0.243156059,0.731356953,0.385032213,0.435014499,0.50121895,0.463456807,0.274557034,0.438022952,0.58365449,0.323555731,0.727240152,0.378701236,0.512107583,0.627997595,0.378861435,0.584894316,0.528497038,0.409913786,0.44626367,0.68189244,0.382624346,0.46671372,0.604960797,0.435235556,0.332868425,0.754738695,0.356339039,0.378940962,0.663516453,0.439992437,0.323330162,0.409682234,0.589204807,0.501493981,0.411338504,0.528385719,30,You,26,Thank you
1.2660443480555297,0.53726141,-4.711625419835702,1.2693489254002954,0.349964744,-4.765642383443725,1.421005081650281,0.2266549879999999,-4.68815816821627,1.1071161424005194,0.242410149,-4.806328203196757,1.4152379949922256,0.0026731439999999,-4.604312835238446,1.05263614071704,0.0250228929999999,-4.737476412839637,1.1884183050908224,0.01812284,-4.521848609632006,1.1720319264605032,0.0312978599999999,-4.549850727363212,1.1359106357615416,0.0170102209999999,-4.497161784603748,1.2232000380603834,0.0243552519999999,-4.468943048812349,1.2472200346813451,0.0,-4.779050926713565,1.243162289654701,-0.070014253,-4.783963271182813,1.3050234568251182,-0.149521771,-4.7608214186336895,1.1712053862345757,-0.141465787,-4.808908071064626,1.3522986771705905,-0.65112532,-4.878144774113744,1.1548051687236458,-0.67424251,-4.943220025634069,1.4081132579674087,-1.039304602,-4.926971053823968,1.1076828298076355,-1.057204572,-4.967950593124079,1.4542202163542333,-1.111846846,-4.909553104286373,1.0620928922840909,-1.124509582,-4.938108931175048,0.001641713,0.003463443,0.008071075,0.00179089,0.000841245,0.002902238,0.001092044,0.002568052,0.00212914,0.001486473,0.002389811,0.003006163,0.013128558,0.016110027,0.035346916,0.013242288,0.004180418,0.013239439,0.018387785,0.106714018,0.055457191,0.02914062,0.091702033,0.028348674,0.029504405,0.136951592,0.057096777,0.028963186,0.131011425,0.05178609,0.002095851,0.003065483,0.002850029,0.002438809,0.004062007,0.003021829,0.002148342,0.00431171,0.004872343,0.004810225,0.00375813,0.002057043,0.001068693,0.001625003,0.002734386,0.002809955,0.00534459,0.001763746,0.000438971,0.001013396,0.001259547,0.000854021,0.001794906,0.001501279,0.001340593,0.001983544,0.002171702,0.000808897,0.000980647,0.000774408,-0.042829815,0.058612261,-0.00256949,-0.134275987,0.145272009,0.130234885,0.028570671,0.130474555,0.137577062,0.02100323,-0.001482254,0.12943482,-0.093288882,0.056385584,0.002182662,-0.01544563,0.004912899,-0.226232778,-0.074285083,0.018915027,-0.098040889,0.062581113,0.008723829,-0.155007051,-0.005103566,0.038840116,-0.10503966,0.068453545,-0.012859176,-0.160779676,-0.013080331,0.258701915,0.058495831,-0.018569694,0.250792061,0.087770393,0.045759053,0.182839942,0.133386989,-0.084097721,0.255590863,0.026745498,-0.008997022,0.186959984,-0.044275308,0.127598488,-0.259639281,0.056336968,-0.009409564,0.099890062,-0.016746266,-0.038258715,0.092666541,0.013636855,0.074480294,-0.025768389,-0.024998655,-0.101946593,0.052898745,0.106588835,0.352627031,0.578806294,0.509214954,0.387961645,0.444514684,0.52959982,0.409603318,0.582807056,0.457859889,0.306781885,0.527215122,0.537003962,0.465935115,0.537422553,0.482350976,0.496316674,0.351355891,0.504587191,0.431968187,0.598873578,0.454185446,0.366403601,0.624597623,0.450580306,0.40595016,0.670771854,0.415095354,0.353460827,0.685245525,0.407027867,0.448265543,0.629891758,0.393988613,0.424128527,0.658117071,0.381031927,0.290756081,0.591282093,0.48830629,0.588648129,0.633557068,0.283171237,0.271900699,0.577142142,0.518027723,0.411766939,0.754292871,0.276840436,0.473700546,0.619404098,0.426892917,0.403334294,0.571540586,0.49162978,0.512733158,0.47074735,0.495605403,0.490850094,0.487477827,0.483865983,4,Born,18,Love
1.1864246874750275,0.516534502,-4.61442614616506,1.206573829675443,0.3479624849999999,-4.691073031479403,1.3689828316567565,0.223676935,-4.644400377598978,1.0470446864667988,0.24782901,-4.761884881750996,1.3710933610301137,0.0076624829999999,-4.575919602785804,0.995248306105822,0.014938305,-4.707336778985286,1.173322211856117,0.05165788,-4.464772922934152,1.098260937582516,0.025094244,-4.525373710209919,1.1112984778710804,0.090114946,-4.388071124947643,1.1232181435525788,0.034789897,-4.460645164255533,1.1953837622012726,0.0,-4.734682276842166,1.193798457400191,-0.0692510979999999,-4.746476588320419,1.259985484906265,-0.148804462,-4.732097635082341,1.1218705297019358,-0.1420889309999999,-4.775770083414829,1.3165338289259794,-0.635271078,-4.861626331700865,1.0997475153306255,-0.647295427,-4.922620708169802,1.3762537588814134,-1.025211539,-4.888454802695755,1.036697928907022,-1.037934073,-4.946066831721025,1.4268403269049277,-1.097346148,-4.870150957021775,0.9894142928803452,-1.110883376,-4.923288377225752,0.002855638,0.005350209,0.009289787,0.003687891,0.012460665,0.018048981,0.003439297,0.002875973,0.00878648,0.002235777,0.003023247,0.006359033,0.004847653,0.012150332,0.018163831,0.001446685,0.002419509,0.009022073,0.030672405,0.080785374,0.036494085,0.020409918,0.069693807,0.025274392,0.022143335,0.119129208,0.041820619,0.033286939,0.085333673,0.04317308,0.001764391,0.001510082,0.006017429,0.001538762,0.002832512,0.005023417,0.002017583,0.003833038,0.005094828,0.002367137,0.002267036,0.004140956,0.000800535,0.000884545,0.003615393,0.001573101,0.002338341,0.003161133,0.000492522,0.00108686,0.000699668,0.000799923,0.001408689,0.00179679,0.002619323,0.002075505,0.003397375,0.003133318,0.002015799,0.00390674,0.071547557,-0.129756265,-0.017076917,0.118354031,0.067638637,-0.149252519,0.141095127,-0.043998704,-0.320404383,0.206903143,-0.037883854,-0.23556835,0.018325455,-0.002108701,-0.070942926,0.007074131,-0.090632392,0.003583995,0.031691941,-0.187822035,-0.051007969,0.048533831,-0.02885326,-0.05069329,0.024299973,-0.141131587,-0.0923315,0.077214527,-0.113255349,-0.048254206,0.123634308,-0.048435261,-0.160438545,0.104244226,-0.014505606,-0.170585929,0.158283298,-0.012384865,-0.179225119,-0.001678168,0.005504816,-0.211984295,0.109966222,-0.005762531,-0.372639407,0.152986577,0.003648867,-0.253719245,0.051873389,0.140486972,0.021866184,0.005234716,0.027138155,-0.050001936,-0.136537989,0.016157305,0.044251437,-0.051544748,0.057828255,-0.02864941,0.230006525,0.638852322,0.499397509,0.311210656,0.446418185,0.557850124,0.329653375,0.462863205,0.463015491,0.335541421,0.660642486,0.371360153,0.380247263,0.516048678,0.52975415,0.339213474,0.426017228,0.582137985,0.490116788,0.591814229,0.418389585,0.318293952,0.792375978,0.350083309,0.265204229,0.802919296,0.338776881,0.378515185,0.70363538,0.400332421,0.312624731,0.410073018,0.568577371,0.283158544,0.646102683,0.455335246,0.32760391,0.705167048,0.378933512,0.545267055,0.622676103,0.321137816,0.258278884,0.677655707,0.28459621,0.40522414,0.665336998,0.332483114,0.325357357,0.78003074,0.349761626,0.331761455,0.59880503,0.504113996,0.523259782,0.378562118,0.520785481,0.513143629,0.373647228,0.534815703,14,Enjoy,25,Study
0.241351289473979,0.543014282,-4.487706794192007,0.2280459746018903,0.3500425339999999,-4.514725361780608,0.4017538266230668,0.2463875149999999,-4.512928038969133,0.0523643787480401,0.243655121,-4.516430055061635,0.4680980248868435,0.0012588399999999,-4.51185547666052,-0.026794761958233,0.0831286079999999,-4.424130551521996,0.5126989806183158,-0.206467622,-4.512938545010023,0.1343112459243928,0.127376493,-4.306278414420284,0.5120035280975495,-0.2829591409999999,-4.507868001295044,0.193193351822362,0.153507226,-4.279497397566288,0.2260170311742066,0.0,-4.527032600902624,0.2258123730651477,-0.068243946,-4.502765681844471,0.3019709088716901,-0.147421377,-4.493092576779469,0.1481308184595193,-0.145498986,-4.503800230823348,0.3491213574898862,-0.611793474,-4.628181105714737,0.1398515458304554,-0.61230292,-4.657151206350994,0.3558629275484214,-0.965064976,-4.700116756360124,0.1518835961321573,-0.972382144,-4.737582590091599,0.3891456875850268,-1.02996897,-4.661776668403633,0.0982089484900455,-1.034553459,-4.711861534790735,0.002227242,0.000819061,0.003071203,0.000303175,0.001192143,0.003342909,0.000835594,0.001646901,0.002970704,0.004116365,0.006621137,0.009397882,0.000719372,0.001709991,0.002249378,0.015945727,0.011602458,0.021956975,0.001713469,0.003189674,0.002492457,0.040376724,0.034238426,0.028521168,0.001773412,0.002568738,0.001567583,0.047891642,0.041712416,0.036552331,0.000996609,0.001094237,0.003242463,0.000464931,0.001328244,0.002485248,0.000650215,0.000768623,0.002628801,0.000902441,0.001266676,0.002919684,0.001203283,0.002240349,0.00212621,0.000815909,0.001873727,0.002091204,0.001245141,0.002454168,0.002177616,0.001402978,0.00185182,0.002608323,0.001112765,0.001304459,0.002478728,0.001558301,0.001094785,0.000977739,-0.137767911,-0.04297664,-0.208917586,0.042113891,-0.216161016,-0.36583598,0.082039423,0.078256771,-0.362043701,-0.043766312,-0.11265597,-0.072455149,0.074061977,-0.106038608,-0.379770096,0.027723682,0.07093095,0.00086556,-0.002028757,-0.133643925,-0.182543145,0.118156951,0.01280566,-0.057252568,-0.010125584,-0.061098999,-0.042071427,0.144866207,0.00442363,-0.077189202,-0.039198897,-0.083811626,-0.362412313,0.018787189,-0.053660178,-0.309211628,0.009778831,-0.201531574,-0.239168113,0.021322608,0.013145872,-0.023663453,-0.02435415,-0.174127044,-0.049840003,-0.086544297,-0.076481246,-0.042623745,-0.009381743,-0.106309438,-0.052242135,-0.03429085,-0.136930926,0.124068818,0.036541293,0.001439333,-0.027293947,-0.049592998,0.009174301,0.00561625,0.457588804,0.515922575,0.44818286,0.420042382,0.353991323,0.42706288,0.435752172,0.616114445,0.263382583,0.260926111,0.554542994,0.541204691,0.464126505,0.590359147,0.238442056,0.489627187,0.415865597,0.533050417,0.413792794,0.572307479,0.44858723,0.587704916,0.537767078,0.407000447,0.511768714,0.531729974,0.466221756,0.575273036,0.525223637,0.416345921,0.598832567,0.525004865,0.197226028,0.423794904,0.701192143,0.243469604,0.392295991,0.455812042,0.483749421,0.461574078,0.37396486,0.562214987,0.502308907,0.68307276,0.340283664,0.299920032,0.736179135,0.410934405,0.360107886,0.61714947,0.479176932,0.443917523,0.454469534,0.515682767,0.367062063,0.517260496,0.539298001,0.643904071,0.495983202,0.402237057,19,My,23,Sorry
0.372537986285809,0.549876413,-4.926639183350369,0.3740055110044758,0.363258439,-4.967360130592521,0.5530330132349368,0.250540991,-4.966001155302822,0.2120640269416473,0.235917768,-4.971267692960123,0.6058606401790502,-0.01015144,-4.98629769585904,0.063263790333043,0.09278664,-4.840226649779911,0.5981245594092967,-0.225142345,-4.942164790497313,0.1451430673519453,0.214863125,-4.680097405287491,0.5960721606460243,-0.2968059819999999,-4.931941712457242,0.1841148818966992,0.257931287,-4.641096253357015,0.3728925677215999,0.0,-4.981881981711101,0.3724655691432369,-0.069936769,-4.9494672053495705,0.4511018263602711,-0.146638025,-4.938123789460729,0.2928421546537076,-0.145872385,-4.949538646284131,0.4782253981420727,-0.61456036,-5.044230437018049,0.2766181149965049,-0.617103844,-5.084568654987792,0.4767354582671591,-0.988374566,-5.105032921329864,0.2845335924899838,-0.994593438,-5.188648754622559,0.5168083913010267,-1.066367536,-5.0782276673083535,0.2243325825851366,-1.064161345,-5.196329021185624,0.001902791,0.001151788,0.005097132,0.002486406,0.001687808,0.007918304,0.001879806,0.000973565,0.001894614,0.008170101,0.015260912,0.008292866,0.001165032,0.001228985,0.001207558,0.006703844,0.008846152,0.025822566,0.000981663,0.001777267,0.001859871,0.061593871,0.055821517,0.074096453,0.000965395,0.002240858,0.002333212,0.077543203,0.053608273,0.09710419,0.001140284,0.001992484,0.004933333,0.001166443,0.002528653,0.001269337,0.001270678,0.001266128,0.000927706,0.001925827,0.002302401,0.002179543,0.000544485,0.001670771,0.00103692,0.00037374,0.001358318,0.001079131,0.000832283,0.001976569,0.001141937,0.000347655,0.001411063,0.001271162,0.002729411,0.00397632,0.006603284,0.002481896,0.001664001,0.003787448,0.088589864,0.068799249,0.109222991,-0.103473267,0.049509198,-0.024806755,0.06286906,-0.075532234,0.050735861,-0.027725463,-0.105328983,0.120744274,-0.067058307,-0.057167479,0.062097364,0.056057715,0.019778317,-0.12578556,-0.008703953,0.067729682,0.016550247,0.071048799,-0.065834678,-0.097793674,0.035652001,0.032732224,-0.001846687,0.066393669,-0.04593326,-0.163254815,-0.012268867,0.070892514,-0.025903863,0.001737884,-0.073619186,-0.026228469,-0.013868026,-0.101768588,-0.061942355,0.022401155,-0.049348869,-0.038556796,0.031687412,-0.073265913,0.054482443,-0.040824943,-0.09781043,-0.003912825,-0.055714117,-0.131903821,-0.089029605,-0.016268623,-0.055138602,-0.016453333,-0.001130291,-0.032796126,-0.097352963,0.044470164,-0.093042313,-0.079455913,0.304458407,0.331329175,0.611329638,0.433980899,0.314623072,0.585208106,0.524945557,0.332431309,0.541185266,0.50073513,0.707332239,0.311630013,0.502604754,0.507866103,0.479907199,0.421232366,0.436172798,0.540147277,0.331891069,0.667353249,0.461546644,0.46030835,0.498897433,0.498585607,0.331450462,0.687212042,0.448520964,0.50140868,0.421543097,0.49855966,0.242066425,0.372426514,0.625675787,0.385049641,0.670394671,0.437185166,0.572516945,0.569274739,0.397825384,0.550596488,0.53589932,0.441876333,0.374370239,0.715695907,0.401246672,0.402408579,0.628002826,0.457771505,0.375050526,0.69490256,0.404014888,0.314898001,0.675720116,0.462161612,0.370333637,0.457260279,0.556916734,0.423778275,0.45455707,0.537152182,9,Come,26,Thank you
1.1571504012303069,0.5579975269999999,-4.725600877495096,1.1340036075320026,0.377418042,-4.768528361576485,1.3019680803329872,0.2370933599999999,-4.76642878490648,0.9587323269953096,0.278741382,-4.779290521834227,1.346157405013764,-0.010984665,-4.786506415909345,0.8266764124273229,0.1153858869999999,-4.601415283567273,1.3087351762944652,-0.222271606,-4.753363235798289,0.9207001863051832,0.1944624039999999,-4.397088551755758,1.2827410545693418,-0.308193741,-4.735748406637697,0.953731349085873,0.231286918,-4.3510877932473,1.102899741037739,0.0,-4.788519729098336,1.096721525571758,-0.075268373,-4.793352539886486,1.1691439992323711,-0.158332234,-4.785586622555677,1.0113193133885037,-0.148178886,-4.805227670848725,1.1843411015374374,-0.63339973,-4.917770963719324,0.9669353519060856,-0.6690647080000001,-4.950834413873933,1.2302877918724402,-1.024439455,-4.958051905321734,0.8993112200668543,-1.020117864,-4.985757318636496,1.283274171842531,-1.095288947,-4.933747323388545,0.8452942177301159,-1.101949441,-4.951990860459353,0.005181767,0.005575085,0.009384787,0.00817933,0.01103158,0.016663274,0.002119053,0.001322572,0.005435526,0.010932338,0.011658854,0.005891374,0.00241932,0.00251308,0.007249016,0.013989656,0.009870851,0.021928438,0.003120915,0.003241117,0.004254515,0.06541285,0.067090029,0.11288422,0.001567768,0.002894626,0.003695692,0.084976503,0.080870974,0.133879783,0.003330194,0.001868011,0.007317437,0.002511755,0.002396444,0.003708883,0.003217782,0.003096132,0.002391504,0.002317946,0.004066207,0.002302169,0.001775123,0.012078213,0.00541217,0.001848075,0.0040232,0.001153096,0.001339173,0.003394639,0.002829283,0.002219166,0.007308054,0.004801503,0.003105402,0.002689758,0.004425043,0.010423579,0.00666391,0.011261659,0.026783514,0.075934354,-0.188777487,-0.146085642,0.080409065,-0.257517795,0.145199654,-0.051790818,-0.140712843,-0.029716333,0.066269314,0.104542433,0.065034614,0.01738928,-0.088448232,0.051981939,-0.082967665,-0.129098151,0.075513125,-0.061135973,-0.135579291,-0.06058716,0.040013972,0.035163551,0.01655243,-0.144910841,-0.041383623,-0.122494742,0.110318288,0.052837782,0.056919254,-0.076315913,-0.229010945,0.079852591,-0.152584188,-0.1763968,0.000796522,-0.15475633,-0.134710066,0.24475871,-0.205545589,-0.179898539,0.005170639,-0.120668808,0.038433808,0.087650664,0.060826506,-0.018802522,-0.016355843,-0.036618643,0.031525708,-0.009724684,-0.073277739,0.054901023,0.098819222,0.05187037,-0.072945775,0.049842497,-0.075963508,-0.046409409,0.417584293,0.635562133,0.407482138,0.471291103,0.509221345,0.415565155,0.41028602,0.331538363,0.568637373,0.493627989,0.639688134,0.392880644,0.359893984,0.391293352,0.585652208,0.516238024,0.429206464,0.497443992,0.476209114,0.467700754,0.498387809,0.372501839,0.496967314,0.545640393,0.385949533,0.603088245,0.475062502,0.395830588,0.562992876,0.491044509,0.399839718,0.40406811,0.524718945,0.470417884,0.518763691,0.450390065,0.539699107,0.550745443,0.408356181,0.397529016,0.622916984,0.3702968,0.273822107,0.791536913,0.367264874,0.509311633,0.758223969,0.266914441,0.209343718,0.604193721,0.536889396,0.351281187,0.681956516,0.440981346,0.486502325,0.404183791,0.531794213,0.378696299,0.444197925,0.563732145,9,Come,26,Thank you
0.2779564153346399,0.5463724240000001,-4.923937015947188,0.2862714931619494,0.363117603,-4.965214516272713,0.4610629478556204,0.250983478,-4.966924297743854,0.1189579068605309,0.2362277069999999,-4.971540471379212,0.5160988375051192,-0.007465293,-4.986021663817285,-0.0016738197989173,0.099198348,-4.81410118742714,0.5095776931078752,-0.217679587,-4.944495576819604,0.1287849002297303,0.2473953619999999,-4.670159296539545,0.5000615660797388,-0.314414566,-4.928410676896509,0.1776389988041786,0.292320798,-4.636907671590673,0.2846954416999874,0.0,-4.979596541588354,0.2842073132149596,-0.070598235,-4.951863857358551,0.3647392436648849,-0.147750718,-4.944788268545359,0.2024847492785702,-0.14775437,-4.949107315793541,0.3861822805918716,-0.614487529,-5.051049009132971,0.1855707762747057,-0.617088231,-5.085919023862651,0.385302617245384,-0.986288924,-5.112943028616618,0.190488405310279,-0.993903854,-5.189534529123762,0.4237961109779328,-1.062295785,-5.092596476138882,0.1312735382204309,-1.063644445,-5.19564155359111,0.001118185,0.001801141,0.002844018,0.002529581,0.002202556,0.006991067,0.000939947,0.000522239,0.001539108,0.014721561,0.026667334,0.012206423,0.000536092,0.000753172,0.002178185,0.007563608,0.007308939,0.029117585,0.000652652,0.002332912,0.002009385,0.025279052,0.045787762,0.074321249,0.001123041,0.00232248,0.001999894,0.041174784,0.064331304,0.07797025,0.001158907,0.004549,0.005254955,0.001929119,0.005726993,0.00246087,0.001356858,0.002266035,0.001783508,0.003728741,0.00403048,0.002209262,0.000646575,0.002335627,0.000880437,0.00053088,0.000653071,0.000587882,0.000618628,0.002637336,0.001132561,0.000486666,0.001327122,0.001984541,0.00262893,0.00410818,0.0046449,0.001457368,0.001861489,0.004170384,0.154293822,0.032012686,0.105502619,-0.006431061,-0.011254745,0.065650637,0.035590876,0.063280277,0.152210389,-0.048138747,0.030846052,0.004299255,-0.000533087,0.062381325,0.068570895,0.041885948,-0.08352994,-0.150179592,0.036289896,-0.119986439,0.081790884,0.061866547,-0.067369617,-0.101621717,-0.050082033,-0.120672855,0.132211258,0.122172127,-0.124763278,-0.108571379,0.070740649,0.132533299,0.191555475,0.04642539,0.063508373,0.113640148,0.098617401,0.026724462,-0.020156916,0.016016799,0.146106713,0.158082981,-0.000522975,0.020353332,0.026094845,-0.013672725,-0.003880195,0.023716129,-0.021102814,-0.052765559,-0.063985479,-0.048503779,0.017305751,-0.034966568,0.013666182,-0.044171087,0.007014385,0.038154514,-0.050529075,0.004917689,0.375054088,0.515030265,0.51410855,0.38886622,0.47338013,0.546904123,0.483000894,0.282428905,0.555377211,0.456464148,0.738160407,0.33604468,0.324806782,0.47265111,0.565698116,0.353861873,0.455800546,0.545297956,0.271252532,0.753313377,0.394837658,0.265922345,0.478598039,0.571470103,0.359210878,0.679491209,0.411565789,0.359184155,0.497536382,0.524825918,0.191419777,0.544223098,0.525355151,0.318534775,0.771980109,0.355288583,0.424619511,0.678391071,0.406503609,0.525774123,0.666777612,0.307071082,0.321135526,0.740275398,0.405902002,0.485757848,0.592876451,0.443645568,0.355628287,0.748788955,0.3766176,0.347942982,0.583895835,0.507577886,0.291012184,0.498678847,0.568687951,0.343990228,0.474956438,0.563211658,30,You,26,Thank you
1.1466079902244397,0.5586584699999999,-4.724035683531767,1.1267479064580428,0.3806655969999999,-4.76703731494096,1.294309892170254,0.238330765,-4.765797585725951,0.946873422058938,0.27647056,-4.779360661048869,1.3413188568684224,-0.0089151829999999,-4.784909878813346,0.8229089087213799,0.1087476339999999,-4.605838037593367,1.3036236980592155,-0.2203045619999999,-4.753461833346157,0.9242286058340315,0.19352194,-4.404602404071943,1.2785097006696546,-0.307918475,-4.735682629057603,0.9564232703703652,0.233701372,-4.359771950229817,1.096859574288911,0.0,-4.788044605684224,1.0909944885352356,-0.0758659169999999,-4.792102750876655,1.164223542679826,-0.15918406,-4.784202210279902,1.005382167559217,-0.149925474,-4.804183304864988,1.1797422785399654,-0.6345375129999999,-4.917544801406527,0.961698322545664,-0.670921584,-4.951199815110396,1.2270278209553858,-1.025093582,-4.959289145315349,0.8947260860098805,-1.022673869,-4.984628922659928,1.282181206935671,-1.096777184,-4.937286565660168,0.840635992240993,-1.103684378,-4.948758607639908,0.002342118,0.008094311,0.010665451,0.006407981,0.010645784,0.017453799,0.000893993,0.001486586,0.003838452,0.008703052,0.011380336,0.005414533,0.001064908,0.001453601,0.006090397,0.01131088,0.008463637,0.025016652,0.000850548,0.001934045,0.003325949,0.054693092,0.057901797,0.113234554,0.001668218,0.002044632,0.003117907,0.072488712,0.067956501,0.130528115,0.002144471,0.001405196,0.006798254,0.001577675,0.002102032,0.002676911,0.002562844,0.002641059,0.001256213,0.001517741,0.00362781,0.001256861,0.001353748,0.00817059,0.004094664,0.001830968,0.004120295,0.00140394,0.00093187,0.002362881,0.002725831,0.002361245,0.007323645,0.0044172,0.003328575,0.002302764,0.005104762,0.007907863,0.004979326,0.008356898,0.00754647,0.086777758,-0.011701939,-0.171823145,0.15219893,-0.098972921,0.032669898,-0.026814582,-0.092855421,-0.016865031,0.089780429,0.06737326,0.023390541,0.036131502,-0.014007687,0.131019904,-0.066829634,-0.151877514,0.032018295,0.078709875,-0.015154643,-0.023933258,-0.045067995,-0.035087234,-0.028770883,-0.001815199,-0.051542661,-0.019358367,0.006052342,-0.042259261,0.046869655,-0.064540958,-0.055613073,0.077711083,-0.063667329,-0.031575653,0.064315167,-0.103876052,-0.003892738,0.147426245,0.002043394,0.018221356,0.002940233,-0.067259444,0.012544906,0.073517784,-0.003131793,0.00640119,-0.04780024,-0.058675473,0.010211855,-0.031747274,-0.019329895,0.029180188,-0.012687501,-0.021439268,0.014306577,0.011776586,-0.051915901,0.005823078,0.387386387,0.664026816,0.442705659,0.423902718,0.57445301,0.451820345,0.346474448,0.441468167,0.573047466,0.536119999,0.653094816,0.360117993,0.308134045,0.371938206,0.614556356,0.486402656,0.403382047,0.511479444,0.343947629,0.627428466,0.48538288,0.405195137,0.511501329,0.529140895,0.472345709,0.603562555,0.445707671,0.420407175,0.567665578,0.493914675,0.353590541,0.378423618,0.59582564,0.43025901,0.566541238,0.486117701,0.555683442,0.581786672,0.405312421,0.478475496,0.680697427,0.371493562,0.354199377,0.738798328,0.396697385,0.524604848,0.701031834,0.33068612,0.275877699,0.595031722,0.526662905,0.380922734,0.69935148,0.420477067,0.523505346,0.398341377,0.527795441,0.393140269,0.414954042,0.574993399,7,Child,26,Thank you
1.983768166861261,0.530332217,-3.9795398156477497,2.0236983282647008,0.355218907,-3.972614845842044,2.0053196641567808,0.205810938,-3.832490101484722,1.989735365331835,0.220761042,-4.171806187575065,1.8425846116176896,0.035331567,-3.830563025173743,1.7951804780425544,0.128827582,-4.108257605113183,1.660345198908307,0.152467827,-3.8580489698382783,1.67327838982221,0.17625339,-3.905275395349031,1.6089248968810128,0.20241184,-3.8343597239876335,1.5940018532128422,0.21675822,-3.797422551984287,2.005488135626486,0.0,-4.012864004444915,2.0040999704606297,-0.0709159159999999,-4.023150943045797,2.0083677612435635,-0.143741975,-3.958877148893901,1.9894898050945384,-0.1439069449999999,-4.100586355975919,2.1437182366038208,-0.718237062,-4.062146514022952,2.130274406847328,-0.662684337,-4.242394972017612,2.151989067538985,-1.08282841,-3.997793120576268,2.1457476293924462,-1.054361028,-4.310449186669253,2.1061604498189013,-1.151820052,-3.9673454552075422,2.0904233549712323,-1.117537982,-4.395254270439285,0.010495831,0.004807412,0.009629019,0.003684105,0.004510517,0.005622614,0.017022344,0.018754865,0.009568107,0.02381779,0.038876947,0.025669082,0.071243158,0.028568152,0.01099532,0.061169458,0.021444706,0.078600215,0.107804357,0.060864013,0.082695681,0.16357032,0.078486336,0.125960497,0.141045149,0.073413374,0.126355852,0.199084454,0.085353423,0.178344295,0.008251189,0.009424573,0.006758407,0.009696749,0.01115001,0.007484243,0.019527213,0.015629135,0.020129719,0.004216691,0.016040341,0.015900489,0.00790202,0.006561169,0.008694768,0.000934088,0.002690086,0.00128515,0.000958759,0.001419552,0.002787812,0.001647486,0.000862657,0.001099338,0.001497401,0.001674994,0.001401215,0.001154736,0.001369441,0.004711748,-0.150433385,0.026442261,0.110912649,-0.083500503,0.135137811,-0.094431537,-0.182180165,-0.093941433,-0.02827492,0.038597104,0.08699069,-0.11515782,0.024456112,-0.034780226,0.033215082,0.090986509,0.075091357,0.06510494,-0.062438398,-0.003843824,-0.040513147,-0.023430961,-0.014150317,0.033413422,-0.102299869,0.010109787,-0.056854173,0.014896899,0.126746942,-0.089874349,-0.063624869,0.045309316,0.018379876,-0.07538956,0.056051573,0.01701658,-0.089480885,-0.068406909,-0.097082254,0.006277381,-0.083992837,0.119534027,0.097195039,0.084130144,0.038985351,0.114261424,-0.064874012,0.124102078,-0.007347358,-0.005688728,0.013809959,0.143038212,-0.013954351,-0.017994655,-0.046403362,0.005936049,0.007141104,-0.008923407,-0.067636392,0.019621521,0.460342271,0.605608737,0.42168048,0.412592643,0.591644233,0.457698635,0.660704363,0.518797876,0.341333118,0.383298205,0.64564016,0.437663859,0.666318786,0.496346132,0.379887058,0.580972414,0.463562527,0.451584739,0.550191437,0.374410404,0.516158481,0.540553166,0.452536895,0.491442154,0.470310896,0.337767198,0.56144941,0.547243695,0.400487114,0.495072671,0.496492958,0.650664217,0.39133752,0.491455752,0.687018865,0.360529666,0.42652855,0.447031043,0.53348698,0.380580651,0.577691287,0.483842139,0.456924826,0.494110102,0.505088945,0.433090196,0.632577897,0.41620144,0.36475936,0.553501611,0.521134205,0.5076521,0.417953082,0.514291789,0.508513251,0.518466655,0.476092495,0.332179022,0.267750015,0.630674885,28,Wind,15,Go
2.0248921710553964,0.5438251270000001,-3.883217513199888,2.060991394532653,0.364528222,-3.8722768949394375,2.0297499539792936,0.2080263309999999,-3.73116667046928,2.056887116121516,0.2458135099999999,-4.064613630625512,1.8639217090594729,0.043974126,-3.736718641998881,1.841233852479113,0.126778486,-4.09309486673344,1.6909132619080984,0.190416424,-3.782352160881099,1.7063920485282529,0.248889169,-4.006377019299356,1.643382846461424,0.239809018,-3.7787743151396023,1.659603771168265,0.2745446219999999,-3.9368013017116095,2.0419833078925858,0.0,-3.920798727705433,2.03972943234077,-0.073108656,-3.932753207581695,2.0264057680559926,-0.159893103,-3.863343963841938,2.041519764642049,-0.140682027,-4.020591173545926,2.1774991137963084,-0.7057087439999999,-3.919092992155061,2.1885450616837576,-0.657645125,-4.1281240000795,2.2049596305577173,-1.0790481,-3.873273964484541,2.2231511062424545,-1.048647515,-4.1831956191118,2.163096522508252,-1.149577488,-3.8412765414764594,2.1745466772800306,-1.111979693,-4.271746297769605,0.019029816,0.005168508,0.006209776,0.016767118,0.005500239,0.004990032,0.026356398,0.010829899,0.007104829,0.013372398,0.032151932,0.033770408,0.061680181,0.025855029,0.012389452,0.039757349,0.043842805,0.05968773,0.129075822,0.026900364,0.0710253,0.151324751,0.039851732,0.082113501,0.158774912,0.030540304,0.085155289,0.167788803,0.042747123,0.103765936,0.018089736,0.018448234,0.00629542,0.019304895,0.021924113,0.00683345,0.027427648,0.018287444,0.013486157,0.01672969,0.01910411,0.025162683,0.008024385,0.007256679,0.0103954,0.006169987,0.003736199,0.004622154,0.002447606,0.002514136,0.001926224,0.001733472,0.001979056,0.002569506,0.001872778,0.001537411,0.001506915,0.001263585,0.001112935,0.003999777,0.190030795,-0.020342165,0.091673453,0.351747712,-3.1e-05,-0.10300676,0.057548511,-0.056099431,-0.173480462,0.085284479,0.091648199,0.04116777,0.097716138,0.02520244,-0.045555433,0.084627704,0.043589309,0.105330317,0.014105361,-0.011608983,0.002677219,-0.018108263,-0.003600095,0.070386186,0.011394015,0.055902107,-0.059569009,0.027762574,0.044629703,0.081135451,0.18264796,0.168449075,-0.035952884,0.149464277,0.165401033,-0.034134095,0.177066359,-0.024659376,-0.142419759,0.184080602,-0.007691047,0.096986843,0.21630933,0.061677815,-0.033831009,0.148279941,-0.163769593,-0.013483697,0.053051129,-0.049744358,0.094783382,0.039942256,-0.01679123,-0.000926642,-0.015759259,-0.023633608,-0.00602681,0.010977886,-0.041401913,0.026431866,0.518870947,0.58393835,0.403340843,0.488895345,0.481574677,0.431316506,0.630438288,0.469471922,0.39004222,0.411811,0.625666534,0.452307257,0.679381853,0.448444287,0.395175034,0.537044201,0.465157174,0.475975961,0.583650874,0.467304545,0.463734879,0.577027995,0.476404105,0.457817823,0.595534877,0.471081123,0.448572012,0.605835814,0.462937236,0.442735589,0.378515618,0.7122873,0.370032949,0.404034138,0.71536928,0.36187145,0.492364968,0.526899191,0.445048797,0.334078467,0.655108397,0.444626355,0.383141697,0.585225378,0.472624463,0.420712821,0.591969759,0.454069147,0.404664962,0.628563301,0.451179909,0.454185084,0.50611597,0.512414575,0.422199051,0.552648088,0.502450461,0.370795106,0.329386664,0.608367964,28,Wind,15,Go
2.10216497660182,0.536666754,-3.8408650669563658,2.1402015206232243,0.362523255,-3.83471153286059,2.1093720579507487,0.2124433519999999,-3.699647368386272,2.144743293193547,0.275138842,-4.030100187802686,1.936812353214893,0.053760197,-3.702932675350534,1.9254982859569345,0.167578292,-4.000267193197436,1.7505687367972644,0.170082169,-3.752087633435655,1.777917502848717,0.197459012,-3.808168006372335,1.6917886519697949,0.225322352,-3.7447292090394058,1.6745961925153463,0.22267478,-3.668959813584854,2.1174221751471314,0.0,-3.8890158508230863,2.115450541327787,-0.072156989,-3.9018636944844,2.1035265653107844,-0.156779111,-3.8379249918641767,2.1147463855042403,-0.134906138,-3.9864582281398286,2.2506098044446263,-0.705575867,-3.912917672725402,2.252668159185811,-0.653103797,-4.103646258112478,2.255817410225298,-1.075842917,-3.860027786838812,2.276424447451153,-1.0459858629999998,-4.171925860499973,2.2102572578484243,-1.146397103,-3.8330452709720166,2.2280392873626096,-1.10941107,-4.260469137330931,0.011812046,0.006259319,0.011923347,0.005704539,0.005279784,0.008534916,0.016755066,0.010358772,0.010668996,0.023525821,0.039974013,0.01512992,0.071081826,0.024399166,0.015001866,0.078261219,0.019146658,0.052341111,0.096164812,0.054338064,0.085668159,0.172359707,0.078727047,0.113477419,0.122804825,0.070635667,0.121139739,0.176006774,0.075658894,0.132753783,0.008963295,0.013668594,0.007887562,0.010123864,0.016890654,0.008052512,0.013371295,0.021152144,0.011353309,0.010906093,0.014228779,0.02258018,0.007592185,0.011141862,0.01081974,0.001940472,0.001915771,0.0026518,0.001231354,0.002089806,0.001932776,0.00123219,0.001720123,0.001819251,0.001451103,0.002070126,0.001785932,0.00161966,0.001340068,0.006255082,0.099751784,0.028177749,-0.013837247,0.125829428,0.159577366,-0.242871922,-0.003119412,0.028090494,-0.103163151,0.048994921,0.029392643,-0.069164001,0.043101021,0.044696284,-0.068366978,0.065217853,0.004858203,-1.67e-05,0.005723,0.034031595,-0.044114542,0.106864806,-0.025521676,0.017215886,-0.015336767,0.047241777,-0.090363613,0.194181763,0.125877524,-0.024374585,0.04486123,0.218744779,-0.09122163,-0.008694966,0.248249984,-0.07157146,0.001279668,0.158029523,-0.13495858,0.04197982,0.175281981,0.032150366,0.139925222,0.09806659,0.053244179,0.196036767,-0.080094651,-0.007483645,0.046215755,0.025850735,0.000223639,0.06682877,-0.031892938,-0.030534787,0.028951124,-0.014039848,0.046753297,-0.021725751,0.001710007,0.026021487,0.56095475,0.55960786,0.415765173,0.406112161,0.509706254,0.446338552,0.715912846,0.42581333,0.366457095,0.406912043,0.526032165,0.514555666,0.66619873,0.394625991,0.431215995,0.572343827,0.459755048,0.469869424,0.569902304,0.385539347,0.503119844,0.502711254,0.572484188,0.442456572,0.491484959,0.320896691,0.55732995,0.571054152,0.313792867,0.502349646,0.321270493,0.700253247,0.402347437,0.347946586,0.712433287,0.376285619,0.533323527,0.522544804,0.427216855,0.322182568,0.643904311,0.464412107,0.423329622,0.584623414,0.462850785,0.345686937,0.634956379,0.456366449,0.386877765,0.589916903,0.492100285,0.458268703,0.474473013,0.520698721,0.506227533,0.499889017,0.486417613,0.181301434,0.191858894,0.675763108,28,Wind,15,Go
1.4955035483170018,0.534110856,-4.392134526234803,1.557261971567509,0.348480454,-4.38647657763668,1.5774408514366187,0.215944548,-4.243023040814729,1.5159252831784455,0.2444762419999999,-4.607798259437349,1.5866637816545013,-0.021815081,-4.1785186589196375,1.3952385760544412,0.0892103809999999,-4.665738151235468,1.5372899491308911,-0.268856748,-4.204832045267501,1.2881530047977738,0.214166194,-4.528817269702614,1.5182091588133235,-0.354944354,-4.22695258464039,1.2731089500030206,0.2866168289999999,-4.466847357990847,1.5299836216525085,0.0,-4.419308264447947,1.5088624312313463,-0.067453264,-4.4252478345753605,1.5100902864589718,-0.150120447,-4.344658096864283,1.4847634349119048,-0.151306521,-4.517277479487728,1.6338316763758252,-0.668836314,-4.372938962524376,1.6212309397978748,-0.642398146,-4.604000319506506,1.6707325220521594,-1.033845894,-4.398110255066037,1.698642226028011,-1.017137525,-4.611528274391263,1.6183182444397954,-1.102922331,-4.380323199269764,1.684743997548118,-1.05485591,-4.690295090997852,0.003337695,0.000948123,0.001522056,0.002125904,0.001634558,0.002064586,0.001584263,0.000713822,0.000776778,0.003311649,0.005693846,0.003890108,0.001386893,0.002755321,0.001877249,0.004727989,0.007297487,0.008472131,0.006737701,0.016026778,0.00258122,0.052139302,0.025730519,0.021505313,0.005336505,0.011496295,0.001167948,0.075184088,0.038414387,0.04142411,0.001323389,0.003321406,0.001973793,0.001337042,0.003785433,0.002196089,0.001772974,0.002257583,0.001213907,0.001289576,0.004298856,0.003456923,0.000924655,0.001181331,0.001759262,0.001105844,0.001587135,0.000810041,0.00036452,0.000908158,0.000786121,0.001165902,0.00371136,0.001592431,0.000511842,0.000517689,0.000848036,0.006151538,0.007366655,0.018308536,0.390969445,-0.018836621,-0.04868058,0.32827904,0.118314967,0.165880662,0.283826296,0.099317521,-0.007725165,0.056455366,0.136896617,0.011453882,0.080807931,-0.099275116,-0.074602107,-0.056670282,-0.046854086,0.113810287,0.072299084,-0.172133844,-0.023320893,0.143913258,-0.182535531,-0.075899975,-0.044003589,-0.1595493,-0.005843969,0.152021577,-0.053247364,-0.03416273,0.133915142,-0.108607474,-0.029462515,0.096412288,-0.158452241,-0.018323578,0.082934631,-0.107520274,-0.081903319,0.022580796,-0.18024383,-0.02344036,0.128361761,-0.000978745,0.190194667,-0.047989093,0.011167579,-0.023179109,0.055330144,0.056115254,-0.00485608,-0.011098377,0.064975866,0.000141362,0.008370684,0.000695941,0.023336697,0.05142748,0.072967905,-0.01016875,0.481529058,0.41329804,0.45643074,0.492838787,0.455587141,0.418137215,0.569788843,0.41484532,0.442334823,0.262725666,0.684640705,0.458262538,0.292298626,0.727705439,0.41069606,0.466202866,0.481431254,0.49967221,0.416272539,0.814923885,0.230606422,0.609250529,0.453838463,0.410121574,0.522191378,0.745682934,0.248662665,0.584258729,0.447226551,0.452872924,0.292203517,0.749803127,0.387764519,0.263562331,0.759322305,0.386390359,0.457997876,0.683006203,0.368546436,0.326419527,0.638212255,0.464630162,0.368555347,0.519292957,0.492100871,0.415327917,0.709163534,0.388208114,0.338323842,0.570097979,0.516980282,0.350465869,0.700080715,0.4260414,0.4220691,0.42668259,0.556331422,0.321211755,0.504969527,0.554023791,5,Bye,26,Thank you
1.5124493306052282,0.535477884,-4.376747388336246,1.5725095828459363,0.3485905729999999,-4.37196881740595,1.5881065574247897,0.2170040339999999,-4.228848732610907,1.5334679453185311,0.243528484,-4.596363311376608,1.5941597698704462,-0.023498296,-4.162687963966686,1.4204317693597326,0.0896415,-4.664301000304231,1.5447086013703424,-0.277378416,-4.194173819464231,1.2741839940535375,0.2191099729999999,-4.550784123459878,1.5243851403336652,-0.35853236,-4.214665783127086,1.2498989371029154,0.282701831,-4.500205177124663,1.54354080896146,0.0,-4.406562880513059,1.522285316876779,-0.067422204,-4.41323214343841,1.5226574119248084,-0.149901591,-4.334090537932502,1.4984218388632056,-0.1496065859999999,-4.5046351938469815,1.6471812046842966,-0.669120162,-4.358594145285032,1.6371032749905816,-0.641094587,-4.585815395801383,1.6860622278659398,-1.031708036,-4.380419560759481,1.7158805178275356,-1.01348438,-4.591916431963744,1.6337573215814307,-1.100976282,-4.364529905765183,1.7070408773187884,-1.054416122,-4.670884715189464,0.000843453,0.001012523,0.002778057,0.001538572,0.000292898,0.00182955,0.001409561,0.000259199,0.001775905,0.001144683,0.000578088,0.002655011,0.001529082,0.001627923,0.001611598,0.003891624,0.003789042,0.010808478,0.005985885,0.011764264,0.003723279,0.051070193,0.017479549,0.03063734,0.00367065,0.006913636,0.000874883,0.074402972,0.0332377,0.0223129,0.000954443,0.000768141,0.002034695,0.001045909,0.000830673,0.002846559,0.001407032,0.00064648,0.003017704,0.001134042,0.0008622,0.003500256,0.001569762,0.001326474,0.001882349,0.000721462,0.001421239,0.000949351,0.000316106,0.000574567,0.000616173,0.003034023,0.005172556,0.001839851,0.001297059,0.000746644,0.000814747,0.007343152,0.006180752,0.018991759,-0.104678713,0.150704893,0.237034394,-0.05776268,0.023590467,0.092911506,-0.306960218,-0.056145783,0.143683042,-0.081839056,0.095745268,0.170546468,-0.130172834,0.181163204,0.202755481,0.131479603,0.094077152,-0.051896005,-0.041758371,-0.159114269,0.131865451,0.054260797,0.026209785,0.010710376,-0.010522364,-0.050773245,0.069717548,0.122162492,0.040151306,0.021900631,-0.174820934,0.001091341,0.172369434,-0.159841902,0.042225409,0.099204571,-0.148444767,-0.00144213,0.127552495,-0.160537501,-0.061763902,0.081661909,-0.016616422,0.037807379,0.046168284,-0.030669237,-0.049581703,-0.07261814,0.00511732,0.124680279,0.079016722,0.005534755,0.055979827,0.01983535,-0.181954367,0.166968391,-0.107724865,-0.020347298,-0.004197505,-0.038355464,0.438047523,0.345589922,0.510597102,0.64126584,0.361061433,0.457353416,0.451264467,0.30289798,0.521948378,0.410608041,0.379349262,0.544779138,0.442395519,0.643649542,0.344277613,0.3710373,0.343607426,0.588913907,0.531517513,0.693919446,0.277905705,0.604128781,0.389601624,0.479993942,0.426037718,0.836616164,0.209054076,0.667791205,0.493994534,0.369923458,0.503519835,0.525160662,0.424560441,0.383743764,0.562646515,0.484646744,0.465230505,0.505998126,0.476140767,0.394375768,0.517795569,0.507009706,0.396021482,0.496869917,0.534644602,0.371558393,0.693800559,0.417050738,0.353059271,0.563371724,0.505403148,0.393448878,0.698137298,0.409426029,0.498012789,0.422971335,0.484151678,0.445789688,0.38219688,0.562690939,5,Bye,26,Thank you
1.4657100465899493,0.533610462,-4.433557586187756,1.5292346390397058,0.348071555,-4.428135436182265,1.555197494462389,0.2167005039999999,-4.285213858310778,1.4763248286114967,0.2453212699999999,-4.651224075991751,1.5662506007307897,-0.027302007,-4.22242956852685,1.339314439127496,0.1034543149999999,-4.710215368221031,1.5140924812738397,-0.270953952,-4.242912501616419,1.2409405671695075,0.224590138,-4.5703888506021615,1.494480945640198,-0.357687347,-4.264472057744428,1.233603722748501,0.283745623,-4.507952576145888,1.5010987738374977,0.0,-4.460666860519513,1.479189901800098,-0.067285534,-4.465584312984251,1.4843498769867185,-0.150793815,-4.385975507589615,1.4503975488018224,-0.151390482,-4.556154623248126,1.599715418163017,-0.6701239569999999,-4.4144863637294565,1.5820547940936065,-0.650677607,-4.644234504231246,1.6342314993178038,-1.035886649,-4.442976869466843,1.6568549765299991,-1.021098547,-4.6555794795272725,1.5814555329799769,-1.104570473,-4.423382664858286,1.6457033634664553,-1.058968196,-4.743384832813817,0.001686082,0.000990298,0.000915655,0.001234783,0.000982246,0.002223652,0.001887059,0.000453843,0.002171858,0.002244602,0.003300179,0.001682632,0.00280375,0.004141771,0.002969794,0.002512056,0.004791841,0.009555856,0.007597653,0.016225591,0.002444688,0.059226671,0.021585067,0.02380128,0.00482444,0.010652367,0.001756979,0.082116268,0.03721596,0.032141602,0.001537116,0.002876873,0.001086205,0.001603658,0.003531821,0.000400056,0.002871376,0.002367273,0.001206961,0.001638885,0.002822363,0.001684515,0.001256513,0.001652523,0.002019286,0.001574203,0.003100343,0.000902516,0.000324426,0.000514152,0.000673587,0.002788444,0.003676731,0.001779876,0.00083226,0.000622005,0.000665984,0.005760927,0.005204854,0.019380684,-0.273741565,-0.066552537,0.090323355,-0.027888855,0.083453726,0.125496041,-0.445725095,-0.094718717,0.389955443,0.019326952,0.1366916,-0.043119859,-0.13664686,0.218694183,0.192342013,0.029207079,0.190160531,-0.045482203,-0.093300375,0.052159415,-0.006972393,0.06021522,0.009864041,0.023259729,-0.131832231,0.083006195,0.051864419,0.03809577,-0.066345508,0.122422236,-0.098043098,0.04649759,0.083478078,-0.160103073,0.090600221,0.051177541,-0.247445316,0.101480897,0.089032347,-0.024992961,0.094914936,0.027787893,0.014022785,-0.12834603,0.2092719,-0.083451101,-0.109827291,-0.060684924,-0.062139067,0.050204503,0.030985876,-0.036397758,0.080776046,0.055362372,-0.021209292,0.077922407,-0.051018092,-0.007326408,0.004499096,-0.006968897,0.517601165,0.542242009,0.400818887,0.535377121,0.419978405,0.48875518,0.412776279,0.434036462,0.224034088,0.460949476,0.680985287,0.375059373,0.377805205,0.739347343,0.272218494,0.410333415,0.452415502,0.531870858,0.428862138,0.823452222,0.231331526,0.634035743,0.436412557,0.437843795,0.424480343,0.760035053,0.310413113,0.584260414,0.39666452,0.471990385,0.415731829,0.717710441,0.365117715,0.301970057,0.823492235,0.292927163,0.38594254,0.658211122,0.393391805,0.469662848,0.623132423,0.424558145,0.421624639,0.48995539,0.477850309,0.354126909,0.715206131,0.398085786,0.31851776,0.629118559,0.487372469,0.476539408,0.611860786,0.427233785,0.503883554,0.414471296,0.521119557,0.348087181,0.353055856,0.606127779,5,Bye,26,Thank you
1.276256636611533,0.55502165,-4.486734124275452,1.2723800305354618,0.384751722,-4.479965959992274,1.3073934340020463,0.1984926879999999,-4.359508083893821,1.15329098589931,0.275613852,-4.615022335973367,1.146877399603835,0.2543662849999999,-4.211278437987811,0.961708140497456,0.278710191,-4.5909614009307145,0.966927573201125,0.3799836849999999,-4.164213991513448,0.8391387084975601,0.378475276,-4.469087567107748,0.9377712800390255,0.430406361,-4.158305358533767,0.7995754719507934,0.4330663949999999,-4.467479274049917,1.244076364848118,0.0,-4.506808467739512,1.2135824614669304,-0.073224954,-4.49779086500057,1.2455638199302237,-0.150318874,-4.431452330169829,1.161579818084832,-0.135258277,-4.565988569962497,1.324468924511421,-0.578218703,-4.485835760439265,1.1925640004292488,-0.568378914,-4.645926273553616,1.433302823717958,-0.975535542,-4.577620394818723,1.1876458820535916,-0.942621264,-4.68591990258256,1.3730680524637933,-1.022906585,-4.540397772905153,1.1426341790753938,-1.002914991,-4.688146322423652,0.030161909,0.038865137,0.005849328,0.012246755,0.038239136,0.010070191,0.012032096,0.02745109,0.009288797,0.007834927,0.008256261,0.038438818,0.089809597,0.053659091,0.036725497,0.043535756,0.022827312,0.108496334,0.11731494,0.062634851,0.085606946,0.148331883,0.044654937,0.15299465,0.11964738,0.07084986,0.093407956,0.167479014,0.048579267,0.158144259,0.005778173,0.010733961,0.009259367,0.007286286,0.005729218,0.009951467,0.012539214,0.008939937,0.006213484,0.005731078,0.00905056,0.014832781,0.005266016,0.01779908,0.006473569,0.00173379,0.007648475,0.00254019,0.002429948,0.014250871,0.007675847,0.001531328,0.002710515,0.002068115,0.00855789,0.017484477,0.019457763,0.008277775,0.014920797,0.043496895,0.050484716,0.021419338,0.010881048,-0.068138858,0.084912822,-0.077962297,0.11313671,0.026162671,-0.015483577,0.002094212,0.129864021,-0.06043791,0.026110158,0.040460862,0.06221608,-0.015797134,0.04149367,-0.05365148,0.020475487,0.003109104,0.022625292,-0.06776286,-0.027672657,-0.045547161,0.021560937,0.041418097,0.029674155,-0.072586755,-0.062863937,-0.040904463,0.073041668,0.061540532,-0.117091316,-0.028915118,0.079599431,-0.074249719,-0.027104903,0.030665767,-0.075709323,-0.052069396,0.060203071,-0.100201636,0.042772756,0.043511454,0.003926098,0.006934517,0.110889004,-0.074354157,0.013623895,0.066786912,-0.032211692,0.016510951,0.026683245,-0.030380218,-0.040336149,0.063259646,-0.047000612,0.062333883,-0.051092396,-0.087175718,0.726497396,0.551975073,0.27302023,0.558368367,0.654035807,0.332368249,0.480318782,0.74729134,0.301266119,0.319037258,0.435887095,0.578154539,0.678162222,0.500849746,0.363236206,0.304339541,0.498819321,0.563719736,0.543394688,0.467139737,0.484704257,0.547498619,0.458598333,0.48225025,0.564567567,0.464674172,0.472328645,0.558837111,0.48184512,0.462394516,0.559520874,0.577987937,0.387697087,0.55247911,0.556786299,0.419005018,0.614037667,0.569499762,0.367517556,0.494455279,0.532370821,0.463749477,0.377569151,0.77279946,0.347318701,0.351244621,0.760783292,0.359811321,0.287338262,0.659093171,0.480134499,0.459036451,0.671032854,0.400609237,0.363960949,0.614570186,0.481915589,0.464766683,0.415129324,0.535949712,8,Cloud,12,Dark
1.3862982983447267,0.562025332,-4.426534668359849,1.3786342472380502,0.391777562,-4.419584603731901,1.3936208009768614,0.202394672,-4.298893370086496,1.2568062274468104,0.284042362,-4.565539611653898,1.2270585086975625,0.265578912,-4.160866799250813,1.0657764860475365,0.295933446,-4.561276611235774,1.050944340705234,0.3927459279999999,-4.13584809137226,0.9290921457649152,0.413769696,-4.4467644960672335,1.0269585172401154,0.441298736,-4.13034575382115,0.8981550733957304,0.4708715009999999,-4.4479590890574165,1.3467738753557754,0.0,-4.45181811397463,1.3074917232529537,-0.0718765469999999,-4.440424112625404,1.3339531812974668,-0.14666224,-4.373617879101925,1.2576551992765173,-0.133317927,-4.508619767782203,1.4153154426764294,-0.5710398130000001,-4.425500255167972,1.2900180347464076,-0.564552978,-4.591914644224787,1.5259223107284794,-0.966080476,-4.51539199849962,1.2842758660783855,-0.937067756,-4.636298260194703,1.4598079513701998,-1.011712918,-4.480530429702649,1.2288463753568173,-0.990478397,-4.620733370365635,0.030219958,0.043562118,0.011271196,0.017128427,0.043838272,0.0120549,0.011536288,0.026331929,0.009907428,0.010010232,0.011878844,0.039060131,0.092290609,0.065847132,0.038974018,0.046505164,0.026395748,0.120278448,0.133398213,0.073502741,0.092114516,0.139373616,0.051757824,0.170069177,0.132798275,0.083918252,0.100709557,0.162642122,0.054691485,0.176736822,0.009308793,0.011031365,0.012328569,0.008760776,0.006403382,0.010976533,0.012203054,0.010159139,0.006741679,0.008933669,0.009470505,0.016712306,0.006321906,0.018475526,0.007194253,0.001497374,0.006988677,0.002956831,0.003393761,0.016135912,0.009246967,0.002745549,0.002522927,0.00183598,0.004817904,0.015967998,0.011575732,0.007080449,0.013636447,0.040511249,0.256155862,0.062674975,0.048822119,-0.190055385,0.168287972,0.090037864,-0.018769949,-0.054511835,0.01631637,-0.021994218,0.057863285,0.071028935,0.015350927,0.098703971,-0.033034962,0.055948282,0.044384506,0.092670367,-0.001999892,0.099905268,0.033286726,0.066407809,0.079826941,0.044721482,-0.060870556,0.095661301,0.021548273,0.086890836,0.040260546,0.059419635,0.107230606,-0.082767582,0.063896211,0.090573949,-0.017541905,0.107923124,0.155921708,0.028490141,-0.066455235,0.032939436,-0.025756163,0.127603811,0.016939262,-0.031458865,0.003346679,0.012283603,-0.099728428,-0.063168694,-0.00067475,-0.037701412,0.002946067,0.070359748,-0.016312984,-0.01066739,0.019633892,-0.038757647,0.010964145,0.007065288,0.059008388,-0.04421209,0.682423482,0.534930588,0.28169588,0.525314544,0.687256312,0.279148138,0.489087438,0.729250985,0.324800984,0.317611503,0.434786614,0.583901026,0.57074723,0.54560799,0.418415459,0.375226,0.406272441,0.57335596,0.569028486,0.496359103,0.449097314,0.500896638,0.50142725,0.484044524,0.565710544,0.567877246,0.405846884,0.522618645,0.529731206,0.455910712,0.530751255,0.596561913,0.400901929,0.555889054,0.587924051,0.386648438,0.581229616,0.556035203,0.390178398,0.538221749,0.421896531,0.491649781,0.426719928,0.766759564,0.327557684,0.439318872,0.695574961,0.381286029,0.269236828,0.72176602,0.442165893,0.544638348,0.65194596,0.359673571,0.337383145,0.719720551,0.419483249,0.561731951,0.423562272,0.491640914,8,Cloud,12,Dark
2.686671564183364,0.5585179760000001,-3.749033763077129,2.707575121849506,0.371764286,-3.7451553615549447,2.6533833923125485,0.240389255,-3.612609630260558,2.650191782565752,0.257538212,-3.907108959281476,2.5732142548642,0.063000498,-3.5899381234385768,2.511152967869836,0.066028279,-3.895603407178215,2.475869833530467,0.149796151,-3.7364038387156553,2.4445667646184246,0.245230803,-3.823753682862738,2.455891098287296,0.177171534,-3.760324092562903,2.431971127834534,0.278781679,-3.7843953583594496,2.6897080871210344,0.0,-3.767531230706722,2.6510499396635065,-0.068399904,-3.7734333163694505,2.645941417443736,-0.128601207,-3.7113000871636,2.6375020587622866,-0.134119234,-3.841217457573968,2.731160158413063,-0.522533214,-3.7020525402906057,2.757913641913154,-0.5071335149999999,-3.911101642978581,2.786667069748455,-0.8710048149999999,-3.708903407897855,2.7847531714502667,-0.8597585369999999,-3.959586676638404,2.7434419116259394,-0.940393015,-3.7083471044950223,2.745573657235935,-0.927819335,-4.025841240034325,0.00310672,0.002230103,0.003265689,0.002695935,0.001196044,0.002903319,0.00583923,0.0023551,0.003361824,0.006822439,0.012712561,0.009612248,0.006154798,0.003383834,0.006513756,0.009408247,0.014927242,0.01288076,0.021302757,0.088862363,0.053296386,0.070595474,0.03742077,0.050781747,0.05185554,0.116699384,0.087756602,0.096884983,0.055263031,0.066753777,0.001248122,0.017050388,0.002536902,0.001205207,0.021925256,0.003279237,0.003797483,0.013769471,0.013632001,0.002414011,0.015112903,0.011460314,0.001292844,0.001155573,0.003100886,0.003009433,0.001510332,0.002123943,0.001073689,0.000903421,0.000676001,0.002133885,0.002444696,0.002551875,0.001288744,0.001260611,0.000961272,0.002190218,0.001499321,0.002100625,-0.052502696,0.042849606,-0.040972098,-0.296124658,0.020618366,-0.079768096,-0.035825373,0.222818213,-0.001967939,-0.056654811,-0.033918221,-0.096369826,0.014341697,0.064239089,-0.018920341,0.097888314,0.104919154,-0.032115134,0.01888083,-0.056762031,0.027406162,0.102934007,0.20511147,0.024101269,0.006054364,-0.076725142,0.042923443,0.068977545,0.170761712,0.027832115,0.031038903,-0.024305019,0.006240543,-0.051004378,-0.009374271,0.038333352,-0.099701538,0.039024217,0.183358455,-0.022558417,0.004974797,-0.046864227,-0.1041388,0.108636411,0.220422656,-0.302011164,0.175353697,0.094434805,-0.07647774,0.054494763,-0.077885951,-0.064330245,-0.046053263,0.106452927,-0.037395424,0.04253579,-0.036285499,-0.055952106,0.0411229,-0.067322373,0.553409236,0.391862829,0.508735551,0.604508401,0.311506622,0.4586601,0.528670026,0.523547159,0.436025352,0.385417487,0.566887686,0.496151224,0.504362123,0.454747974,0.509513939,0.355792279,0.649963313,0.45468977,0.450775247,0.592782431,0.461391196,0.446161144,0.495817215,0.49295273,0.487562449,0.58108813,0.447425521,0.442997524,0.505829485,0.498706449,0.349332798,0.74850182,0.388306051,0.267640466,0.801309429,0.364739115,0.431464412,0.568435862,0.445186371,0.229958701,0.591241641,0.537616047,0.476056424,0.554929563,0.405817167,0.494265186,0.44777183,0.446591542,0.349340667,0.569813576,0.50868764,0.341629146,0.446731689,0.565634445,0.557280499,0.560892672,0.420962863,0.551916566,0.374999053,0.51292469,18,Love,13,Day
0.9680871771814866,0.533536265,-4.239678780179006,1.0164828965765091,0.347181568,-4.2580347512901655,1.0550243439712863,0.20840041,-4.124043335321652,0.92084081921742,0.2546796759999999,-4.439259906904098,1.0976579691116617,-0.03064234,-4.033811318978078,0.7472058243339385,0.154985169,-4.467768121899707,1.0588034630755685,-0.255547349,-4.02307187028765,0.6626256212639733,0.2557451069999999,-4.337386112335534,1.0500674693484016,-0.34434539,-4.033315425587123,0.6384527068418083,0.297845865,-4.286830893392389,1.0058434852364808,0.0,-4.2752661671766266,0.9830277839464516,-0.067401667,-4.271547838670896,1.0070634037651758,-0.144382009,-4.201889103673074,0.9443089790644732,-0.142991379,-4.342458546343046,1.124340318170748,-0.643626633,-4.280718856353419,1.0502619312523849,-0.6387269950000001,-4.470424941015505,1.200401813442848,-0.987966757,-4.312791149581821,1.0796640515084135,-0.956269814,-4.49376594068568,1.1663182746795182,-1.046381311,-4.29253037311876,1.02050566413428,-1.019364022,-4.534400596807453,0.004168759,0.000671119,0.003870533,0.00668505,0.000868553,0.00321499,0.00293687,0.001116364,0.002661639,0.003337158,0.003261763,0.006789982,0.002275766,0.002628873,0.004222974,0.008119067,0.024598967,0.02988889,0.004158825,0.002703281,0.003265099,0.094698643,0.019808173,0.051768873,0.005820605,0.002064382,0.004744688,0.123478083,0.03268121,0.065379105,0.002003327,0.001378178,0.003283308,0.001442471,0.001648043,0.003143418,0.001277256,0.001592581,0.003457561,0.001246132,0.001953547,0.003269621,0.002669628,0.002847537,0.001446484,0.000657632,0.00202114,0.001503431,0.000370831,0.000440923,0.000362668,0.000666215,0.00094312,0.000894719,0.001176223,0.001108167,0.001438298,0.000610223,0.000975383,0.000695907,-0.14231985,-0.05810838,0.076397079,0.00437025,0.047649726,-0.068487043,-0.07403209,-0.029075704,-0.208553454,-0.115814375,0.050013742,-0.058496458,0.040086239,-0.07739918,-0.180198617,-0.009170907,0.068972815,-0.030017344,0.151450001,-0.098261823,-0.07324449,0.055169514,0.023041893,-0.147749398,0.181177357,-0.071635518,-0.119874909,0.075572206,0.026068564,-0.191547752,0.127880516,0.099213768,-0.177184946,0.09799131,0.057900045,-0.225008407,0.090290525,0.073340344,-0.143934346,0.066858408,0.142253987,-0.23515795,0.125531351,0.055057028,-0.045876963,0.112878964,0.030970564,-0.121935199,-0.074815207,-0.016029127,0.041694715,-0.035273441,-0.066305029,-0.016409769,-0.174939606,-0.070178024,0.014387982,-0.098626734,-0.105641831,0.04669292,0.518857394,0.332841386,0.534272873,0.805079238,0.308489811,0.340236661,0.704099132,0.353389806,0.368420472,0.333155908,0.494137558,0.551561613,0.568739354,0.543040358,0.383928087,0.398840308,0.442362296,0.559095993,0.690174117,0.404859095,0.388918913,0.682344061,0.331257745,0.426308216,0.688293179,0.335796858,0.407782709,0.697575936,0.305990739,0.403477826,0.519065005,0.563551079,0.393367565,0.488888828,0.646473547,0.327101838,0.515018519,0.528565573,0.439512672,0.342648464,0.680958053,0.366364571,0.543887018,0.603175506,0.389696966,0.436478271,0.691253589,0.37034138,0.394586141,0.533258369,0.518241447,0.462814272,0.671115135,0.397374238,0.558077379,0.412172412,0.484204565,0.393958366,0.555439147,0.498681412,5,Bye,26,Thank you
2.2874810583223533,0.5392393,-4.130354167793928,2.361168383478498,0.354258074,-4.125117365681987,2.3919766150961994,0.22909128,-3.982873167334765,2.2619423712603552,0.23530895,-4.280528997618852,2.412466039635099,-0.027543828,-3.920287045638701,2.062714622391629,0.184295581,-4.286832207692478,2.38058812154223,-0.231334234,-3.910505502878118,1.9819778178272367,0.306513347,-4.186408815426886,2.3777249421283573,-0.311667564,-3.913698444695377,1.9581235820095224,0.352714774,-4.152750989477447,2.3443845785244246,0.0,-4.145895513345357,2.3145513322380493,-0.067397946,-4.140342777879367,2.332098805975911,-0.138431299,-4.0697345071510656,2.278234905485527,-0.144835895,-4.21251296940904,2.397519571107006,-0.533002429,-4.075743468170973,2.3815334263729424,-0.513059409,-4.288446683501367,2.446404416705435,-0.880724061,-4.100852065330457,2.4215164877321613,-0.862025946,-4.330815920980591,2.3937896997996555,-0.956686786,-4.107883481033011,2.380201234914708,-0.926877026,-4.390346231251301,0.009288519,0.003410579,0.004215533,0.001634411,0.001047334,0.000883957,0.003501641,0.001735534,0.001459423,0.001862716,0.001637981,0.001731429,0.001141493,0.001546238,0.001323464,0.007893926,0.029154242,0.012661411,0.003593126,0.004457785,0.001985617,0.078534243,0.065156975,0.04088998,0.004591833,0.002169759,0.00220344,0.092762712,0.083748802,0.046002044,0.000772215,0.000728006,0.000695105,0.000849704,0.000794491,0.000529545,0.000902668,0.001141207,0.000857737,0.001155543,0.000926941,0.000718215,0.001836765,0.004084705,0.001307823,0.001043533,0.001269777,0.000970944,0.001663596,0.002814724,0.002997553,0.001055115,0.001781741,0.000798454,0.000971712,0.001251679,0.002550868,0.005211087,0.003293947,0.012848928,-0.025243705,0.052003565,0.0773767,0.008134082,0.057910851,-0.056791751,0.000537139,-0.029739655,-0.026304985,0.045480264,0.126778685,-0.023026018,0.033128537,0.073012619,-0.034348,-0.004074222,0.017023034,0.029686774,-0.007678601,0.019595709,-0.031933355,0.098993316,-0.013176651,-0.066621132,-0.003788702,0.108686703,-0.032917989,0.07128244,0.018225963,-0.071006857,0.085025374,0.206729378,-0.161375727,0.036051594,0.162971991,-0.075384151,0.023415761,0.266504067,0.005732952,-0.123624169,0.184025315,-0.099091456,-0.071267176,-0.118103345,-0.030991036,0.006455242,0.166499156,-0.08503439,-0.035435964,-0.059843303,0.102919788,-0.031010899,0.119965005,-0.001377149,-0.049196681,-0.116644867,-0.008490992,-0.108792881,0.043076101,0.005902535,0.763074151,0.327620736,0.37454109,0.735691739,0.378336269,0.38165572,0.81277259,0.382899228,0.296818239,0.565679294,0.515350927,0.436267492,0.5004747,0.683146272,0.360303398,0.311584026,0.72825122,0.422007874,0.587422455,0.67946964,0.297028836,0.618972518,0.601733594,0.332704563,0.696382416,0.504439756,0.340669993,0.576231686,0.65749286,0.320667865,0.508429609,0.544555767,0.404452821,0.412687911,0.690982415,0.386109304,0.446090885,0.652841693,0.379376512,0.46154756,0.635965888,0.386307116,0.440806343,0.757977946,0.312750641,0.611198794,0.562486346,0.355619795,0.397880531,0.573466444,0.485874455,0.406473066,0.701727288,0.39528236,0.292962711,0.486264046,0.568785053,0.454705258,0.38139396,0.556569112,26,Thank you,16,Hello
2.149923960469029,0.540435758,-3.6814851173412393,2.1899465369822035,0.356711609,-3.6842044842358663,2.179755481343155,0.205008915,-3.547532809208328,2.1679940267275173,0.253603764,-3.897057112772929,2.1935126463626395,-0.03438199,-3.488308873836356,2.0013322709701984,0.1223537229999999,-3.9660279037561055,2.160707148000556,-0.251421204,-3.549479046738618,1.87483855755136,0.269474859,-3.846127393575718,2.1483678775264834,-0.328506626,-3.5844937120167613,1.842160893954477,0.322452268,-3.807221472097205,2.175029643884104,0.0,-3.7414412098488,2.174440754337841,-0.071380066,-3.755229558293036,2.170544417701463,-0.156338461,-3.678866595090458,2.1694432691534686,-0.146019749,-3.85418227541619,2.3158874973125942,-0.668039353,-3.737197718824728,2.3271991659949327,-0.637070128,-3.935357560333759,2.3214178257471816,-1.046872485,-3.699082575729149,2.3653045510153867,-1.038171954,-4.019467915070917,2.237943331108774,-1.099534021,-3.6988738213501096,2.3463774053592314,-1.090834558,-4.121306844220162,0.015910504,0.006091377,0.004278904,0.011106035,0.00148388,0.001727308,0.012653653,0.001672404,0.003058658,0.010326281,0.011584214,0.009695418,0.009566336,0.004118698,0.0036583,0.018751812,0.023913599,0.028939924,0.014417375,0.025817152,0.007480348,0.115969564,0.03576907,0.045102978,0.015661676,0.023782764,0.00703109,0.155134406,0.036540667,0.056930326,0.009145846,0.002346517,0.001084952,0.008777396,0.002754062,0.001066412,0.009066035,0.003015004,0.002588694,0.008025907,0.004291318,0.002681872,0.002885272,0.002469961,0.00326953,0.00501246,0.004067669,0.005308024,0.001130733,0.001526676,0.000923278,0.001063336,0.002109493,0.001241622,0.011853881,0.008562706,0.010657625,0.002633521,0.002306814,0.0048825,0.154181666,0.04269899,-0.039957849,0.448682283,0.058227269,-0.076590779,0.106031424,0.070300203,-0.027673424,0.188121203,-0.047606837,0.060900685,0.197853896,-0.045682073,0.063934657,0.036180265,-0.017406071,-0.0288037,0.026025694,-0.156119268,0.056860166,-0.019984607,0.130408707,-0.099422388,0.050724576,-0.140235591,0.108559028,-0.002908642,0.101081865,-0.082098177,0.360880883,-0.006760918,-0.045370268,0.324304925,-0.029006412,-0.038664023,0.230564383,0.002452986,-0.014211315,0.239171332,-0.038126462,0.004745552,0.193337406,-0.022159404,-0.035931521,-0.17748488,-0.160080806,-0.103104275,0.059798731,0.013736258,-0.011373028,-0.079663075,0.193332224,0.029349668,0.027011183,-0.022959186,-0.034453347,-0.013458706,0.00173178,-0.066535147,0.63023248,0.624656004,0.293256112,0.598775834,0.392944679,0.358218807,0.83063031,0.339233073,0.287715052,0.365417623,0.680688429,0.415960994,0.540989347,0.579706286,0.39357381,0.488694651,0.543536406,0.474838167,0.513828563,0.674475418,0.344738948,0.653659455,0.472442279,0.387576196,0.454396853,0.70107075,0.349423368,0.705765569,0.395606007,0.393648248,0.582801177,0.564701723,0.311462722,0.574144537,0.602084621,0.305041069,0.600787324,0.537178672,0.377368382,0.537377173,0.61063606,0.365703978,0.451708618,0.442003446,0.523536299,0.414902581,0.520980015,0.482520818,0.462717703,0.6263593,0.434742793,0.365739999,0.672918505,0.421871992,0.542351871,0.42982315,0.502961095,0.407234005,0.41290614,0.567024188,5,Bye,26,Thank you
2.665703323543897,0.560174289,-3.060307508021685,2.6731512273896945,0.379328159,-3.0429415568983256,2.585199056877082,0.190444419,-2.971675366851501,2.858831997931929,0.2652204179999999,-3.2240279168441828,2.3887682496785176,0.271000822,-3.074454490274893,2.8381333205131365,0.341289775,-3.3730768308039467,2.312421900825292,0.380881117,-3.2050651527530216,2.7171859338162228,0.457257525,-3.468264462809958,2.259423356357749,0.435111585,-3.2465197372602206,2.6946630851158653,0.490663319,-3.484345075529246,2.6879030062308766,0.0,-3.100321267379789,2.691436105799982,-0.074794836,-3.115666086375381,2.6310121459816087,-0.158581784,-3.06759825432578,2.754621345153279,-0.154047524,-3.1871884655421745,2.7566421884546632,-0.641601481,-3.034804729862742,2.8966318749248323,-0.676766054,-3.2048104815668634,2.820291311239521,-1.041424995,-3.0271761223417952,2.899029604745437,-1.032921653,-3.1934660651775806,2.791362272882993,-1.111840315,-3.0601200527382275,2.9028161866867004,-1.098799841,-3.2730671451087616,0.011628079,0.030448268,0.01799127,0.013024916,0.029355972,0.01695825,0.015350055,0.015062388,0.006078715,0.014550219,0.029592448,0.022288016,0.06440596,0.109611825,0.052795124,0.048256797,0.104246514,0.111309525,0.045421167,0.191286389,0.156064122,0.053436517,0.13878714,0.226905095,0.027777869,0.2105326,0.190145987,0.073042105,0.148993603,0.263826988,0.008599494,0.037811384,0.007101033,0.010745697,0.041214671,0.009674264,0.014424782,0.02041145,0.019354405,0.01363308,0.024988949,0.03123969,0.00238325,0.013713363,0.004944751,0.002181775,0.005850028,0.002895788,0.001478713,0.003534657,0.002335171,0.002497283,0.005684831,0.004088197,0.001376414,0.001846335,0.004043862,0.00694518,0.002484193,0.009386416,0.105034067,0.067241406,0.169514839,0.120504994,0.246381558,0.119408312,0.081866945,-0.104510625,-0.102176028,0.170725596,0.143089214,0.157559655,-0.030736413,-0.019605613,-0.097112459,-0.027421882,0.043942098,0.157323008,0.032082643,0.047852916,-0.028977228,0.040929143,0.024801369,0.106605177,0.001791383,0.009130541,-0.073290265,0.039960372,0.027264506,0.092682643,0.054380794,0.013815601,0.078055924,0.067355398,0.012129471,0.058743582,0.045568771,-0.023693173,0.027522569,0.063893486,-0.081186532,0.080514477,-0.00208715,0.108719333,-0.048414598,0.007578068,0.133194757,-0.063941122,0.017231921,0.028161586,0.033693051,0.050507202,0.023466794,0.054299397,0.08587297,0.010720778,0.022457859,-0.00080906,0.039369285,-0.01825679,0.515630705,0.609216559,0.373575568,0.46329451,0.693363086,0.307989369,0.464069424,0.595152891,0.43671393,0.37343181,0.576242567,0.457229477,0.39865278,0.590365257,0.480650133,0.360087983,0.520468157,0.517994931,0.332859982,0.631113844,0.487724046,0.260933768,0.491775237,0.572143916,0.310213395,0.594075396,0.514685425,0.29504873,0.492470208,0.565950893,0.41703817,0.78105443,0.308580339,0.391132578,0.785660677,0.322450835,0.453057521,0.464071319,0.531545328,0.374682152,0.548209184,0.512397013,0.255321643,0.792877087,0.373749105,0.256603894,0.663560699,0.478279756,0.341588763,0.659392468,0.466381431,0.345378106,0.705395109,0.42658017,0.359839925,0.481562027,0.556744368,0.562393321,0.308619291,0.536715597,8,Cloud,12,Dark
2.491404063794775,0.569885494,-3.343305521590031,2.524503063562204,0.387228295,-3.298747200177364,2.4597849129231912,0.2322629369999999,-3.194516988674844,2.6723948574734377,0.281372772,-3.495656359106282,2.3054598819478587,0.0762844179999999,-3.1520617120721006,2.7148103522625258,0.185516749,-3.65272563531929,2.1514791750427475,0.234344929,-3.2064190032818143,2.581043196865213,0.390765042,-3.708756194340405,2.128731318477389,0.300670401,-3.2187466982633586,2.560498263278657,0.459232081,-3.7159215344664247,2.5285979259205105,0.0,-3.3613708312623296,2.5308375189570658,-0.077204857,-3.3765871419699454,2.4969784592905286,-0.137727281,-3.318195021851149,2.562990231443954,-0.142482208,-3.4545786818901947,2.619831307502345,-0.6185328649999999,-3.2852512732275807,2.719092784446961,-0.616124269,-3.464414315346465,2.670492848027931,-0.996934695,-3.287459361331734,2.7502691332720763,-0.979409604,-3.4573659267820096,2.623534279113679,-1.068710828,-3.312731028939918,2.725350388522811,-1.050498185,-3.518240080633819,0.016890078,0.001878309,0.002762819,0.007613071,0.002386446,0.004179543,0.005399986,0.002501179,0.004133341,0.006081437,0.004404248,0.00545122,0.006297817,0.007684745,0.003489392,0.011450897,0.013283633,0.007861242,0.015818827,0.02735086,0.060009995,0.069517886,0.022524904,0.05755131,0.025225046,0.038769606,0.08244228,0.086318291,0.014722748,0.06499622,0.004472718,0.005959192,0.00093261,0.003934996,0.007291441,0.000882359,0.003837942,0.004022599,0.001821325,0.003175488,0.006689698,0.002774458,0.001370344,0.001372184,0.001350418,0.003419227,0.00373495,0.001096974,0.001183415,0.001633997,0.000992637,0.001976771,0.006177164,0.003366454,0.00288988,0.001232821,0.003349915,0.003926552,0.002279616,0.003569429,-0.229210591,0.016096948,0.031750711,-0.311070899,-0.033383605,0.244020368,-0.211427176,0.071081484,-0.011585199,-0.207985884,0.056348253,0.136611787,-0.095373249,0.081603579,-0.03391533,0.136766006,0.091202522,0.008470559,-0.013000046,-0.021997229,-0.100764545,0.010789111,-0.011668133,0.024861346,-0.028686613,-0.035318695,-0.061080216,0.058177616,0.005027135,0.014762829,-0.196215902,0.063718086,0.042429064,-0.13198992,0.122114037,0.002425036,-0.068452871,0.093329774,-0.127540431,-0.040362883,0.113947063,0.013011167,0.047615313,0.031168023,0.198111969,0.000329135,0.014357469,0.038917566,-0.031527147,-0.065616193,-0.030011653,-0.063758027,0.052999864,0.026696291,0.009612281,0.041068968,0.077926955,-0.080361477,0.037001312,0.025457292,0.778151109,0.377877483,0.303325787,0.351218155,0.508465568,0.439486069,0.439538737,0.305106953,0.57047692,0.397922929,0.498739796,0.49796615,0.677108222,0.498843794,0.362083079,0.55151375,0.565438559,0.410133551,0.281037672,0.460835904,0.581049697,0.569330545,0.452078031,0.478427729,0.284965719,0.459507084,0.585578558,0.638627753,0.3765603,0.465976996,0.343454245,0.81334533,0.284244057,0.334235377,0.825228594,0.284912241,0.384004524,0.622697309,0.450612908,0.385121581,0.593107102,0.486094742,0.38866155,0.565820817,0.465758381,0.33875927,0.730335083,0.410111477,0.403876854,0.587317781,0.486085768,0.351269653,0.684385181,0.440244684,0.523531606,0.382233699,0.526081196,0.617331061,0.3882192,0.472630205,24,Strong,3,Big
